Row.names	betahat	sebetahat	WaldP	WaldPadj	PosteriorMean	lfsr	lfdr	qvalue	baseMean	log2FoldChange	lfcSE	pvalue	padj	groupID	labels
ENSG00000006125.18:O001	-1.6247367947642	0.188751273169408	0	0	-1.62408556871629	1.22124532708767e-15	1.07329591493339e-15	4.84985563810262e-17	142.339601761199	2.0296740822502	0.401096368820017	4.09688598075727e-08	7.0399745376315e-07	ENSG00000006125.18	uORF
ENSG00000008394.13:O003	-0.410755727104588	0.234591264981832	0.0799558803221394	0.175109985829479	-0.124908945493498	0.708061664799504	0.695904555308368	0.32529424823114	3622.41629293515	0.75637678126034	0.159692915335487	1.06449733670301e-06	1.45067702340438e-05	ENSG00000008394.13	mORF
ENSG00000008513.17:O039	-2.83997623607434	1.18891037424223	0.01690709535349	0.0491449389616985	-1.25538298596158	0.270138495902556	0.252463178883225	0.0421623590893256	2.74340554720933	0.106586408753503	0.676189568059144	0.461863309554211	NA	ENSG00000008513.17	uORF
ENSG00000011304.22:O002	-0.401320701112812	0.642311830309464	0.532097967489519	0.743440921184829	-0.0947526685615243	0.825027342403334	0.761422868428533	0.359795634968425	3096.38063690328	0.167334159851758	0.108552773639613	0.118158418639285	0.395126971092358	ENSG00000011304.22	mORF
ENSG00000012174.12:O005	1.42824585803753	1.20654697049262	0.236513391572491	0.41737657336322	0.422537166852175	0.634866790220316	0.569612852891879	0.24073284418895	7.63263891510774	-0.146009088075607	0.668291390404588	0.457947457061071	0.80972649005261	ENSG00000012174.12	dORF
ENSG00000013306.16:O002	1.87376514699113	0.65134042378107	0.00401751594055777	0.0143547198774985	1.49230879206299	0.0781633029236243	0.0756678436243094	0.00873284589763415	143.56058883079	-2.05836484939013	0.734111041427572	0.000549620248425146	0.00439993934519329	ENSG00000013306.16	dORF
ENSG00000013306.16:O003	1.53771893219521	0.105662135272786	0	0	1.53771893204483	2.40447245679678e-45	2.40447245679678e-45	1.28795992979862e-46	1121.37094945935	0.146929313158101	0.211565900053655	0.463519197721178	0.812818856977938	ENSG00000013306.16	mORF
ENSG00000026950.17:O001	-0.520577271898792	1.12117913783478	0.64242400792143	0.843479911308896	-0.131060557298656	0.787472443033591	0.679945521209769	0.312010423338237	8.99697204978208	0.0368042578953428	0.639239483878426	0.870633059292895	0.971586672546487	ENSG00000026950.17	uORF
ENSG00000033011.14:O011	-0.254021670202797	0.210979046489486	0.228584269092116	0.405299897430347	-0.0378632236738041	0.867980731751913	0.850944907009012	0.406331816667987	267.479717057137	0.626058591626033	0.356823739258877	0.0448914648380393	0.193812330691278	ENSG00000033011.14	mORF
ENSG00000033122.21:O121	0.202928949387927	0.539449380975939	0.706784624647148	0.904820896287411	0.038291585191688	0.87788431759175	0.811135437303052	0.387970466743142	469.336816792371	-0.326221603868816	0.229961741346122	0.130328811890349	0.420841272027301	NA	NA
ENSG00000034677.13:O025	-1.99400854133666	0.489402660135483	4.61386623435978e-05	0.00025296714871145	-1.78744887036077	0.001774661894968	0.0017428107668168	0.000128213490620833	48.5238383098037	1.27232375489996	1.13903733604076	0.0227666490088983	0.112795205529536	ENSG00000034677.13	uORF
ENSG00000040275.17:O002	-0.515064801391009	0.642868298690334	0.423017023281633	0.629772534660859	-0.133176274485692	0.793581253180343	0.737956354558079	0.349145205155714	75.461057748505	0.900056097310372	0.856808463722698	0.0481877033468651	0.20449054676659	ENSG00000040275.17	uORF
ENSG00000041357.16:O001	-0.542288455975261	0.155293724810712	0.000479386245265667	0.00208828528759565	-0.52343647771652	0.0349951067065509	0.0347637462148026	0.00357022653852339	465.363651011819	1.97596270518158	0.275639168946597	8.34768956354824e-14	3.14378584021702e-12	ENSG00000041357.16	uORF
ENSG00000043143.22:O017	0.366356671064212	1.27673846667959	0.774152663341797	0.963690905255692	0.0850469202653759	0.803028340061812	0.670799529387081	0.305527904812719	23.7929439177023	-0.277248443922316	0.684581135814969	0.315779006631332	0.692388578946337	ENSG00000043143.22	dORF
ENSG00000044115.21:O048	1.11182026598019	1.08171917299463	0.304031172501394	0.501982932790463	0.333722077494482	0.678276635609813	0.610244836507666	0.265735139380378	39.4387345391013	-0.468048198542031	0.782790180820907	0.16829294118002	0.492286833879322	ENSG00000044115.21	dORF
ENSG00000049130.16:O053	-1.59502541795265	0.251004067828649	2.08996819850427e-10	2.47988763852372e-09	-1.5902830713787	1.71016075745101e-08	1.69963821022887e-08	1.0719193579787e-09	206.512786591933	1.91256459614846	0.497737813069115	1.19356067336463e-05	0.000134562401823181	ENSG00000049130.16	uORF
ENSG00000064933.19:O003	0.150177020887015	0.361744845873553	0.678034834339774	0.878627047083812	0.0205552824161718	0.909528869495762	0.863126301426266	0.412213460965513	311.167277614504	-1.69062453415165	0.293033364149336	1.09648353898272e-09	2.38712930746709e-08	ENSG00000064933.19	mORF
ENSG00000064961.19:O002	-0.203598586628055	0.10007378156898	0.0419027404645731	0.104921822580585	-0.0492186955636964	0.763321065982532	0.758256202172897	0.357722118168865	849.473637244148	0.246522692293416	0.203851292418523	0.202645593497125	0.549639357151319	NA	NA
ENSG00000065150.21:O007	0.524448970613806	0.232212428501063	0.023915255260226	0.0650660411255453	0.285685965182762	0.461778257545557	0.455264513440366	0.105427121314093	3814.37698019244	-0.0937034345521622	0.159473209143331	0.546299904219661	0.85439709816015	ENSG00000065150.21	mORF
ENSG00000066044.15:O030	0.915017476094526	1.19422826587014	0.443557418584775	0.649407270303676	0.240043193157109	0.729062403703359	0.639293055458649	0.282646717923221	19.7478742427527	-0.142366674282602	0.650799848372592	0.547716725464352	0.854819353341932	ENSG00000066044.15	dORF
ENSG00000067715.15:O005	-1.32646616507666	1.21414735533088	0.274609707397721	0.464499398683379	-0.379009875505897	0.657222929171402	0.58658669935615	0.249769942721584	30.8263083537139	0.208353814457195	0.609981075017056	0.501756512432825	0.83302900066646	ENSG00000067715.15	mORF
ENSG00000069275.13:O015	0.712430999804619	1.1646387457798	0.54072405769574	0.749500073934908	0.182254443580636	0.759614622972038	0.660662142057469	0.297365176228303	67.3791649872549	-0.250362025717091	0.660532885759248	0.392907610364182	0.76406412126039	ENSG00000069275.13	dORF
ENSG00000070367.17:O066	-1.02128749096143	1.32398178129329	0.440484221551826	0.64609770504373	-0.250789270780243	0.722374362875888	0.62629111641158	0.275528401329567	13.5772105241572	-0.071626201192671	0.648191679543443	0.73228966453125	0.927983866917302	ENSG00000070367.17	dORF
ENSG00000072135.13:O009	21.4789695440008	19550.7983110384	0.999123425322025	0.999997263596305	5.30962386658871e-08	0.782626570082005	0.565253170454759	0.201682846400332	5.13304892353761	-0.221102734517612	0.711650409985573	0.229701374561374	NA	ENSG00000072135.13	dORF
ENSG00000072422.17:O018	-1.68200131200471	1.17019142814622	0.150612097490135	0.296011415550315	-0.558195494688244	0.565563210675144	0.514581250748692	0.131502984981069	6.51841313629301	0.137957565551548	0.667069590532287	0.483533603379727	0.824030120248352	ENSG00000072422.17	uORF
ENSG00000074071.15:O002	0.909419660082383	0.344292181929225	0.00825597235584974	0.0267897878485736	0.744964709700989	0.18412190027645	0.180739743315436	0.0236434432550155	1392.21095769475	1.91280006999745	0.235347518586602	4.44161901073247e-17	2.50910725308121e-15	ENSG00000074071.15	mORF
ENSG00000074603.19:O061	-2.29108351740499	0.705101421744073	0.00115690859287065	0.00462182076046316	-1.76201360328444	0.0337586697973108	0.0327062363174887	0.00341318937507077	43.9593486131294	0.463600444782384	0.708525346404839	0.189767543540144	0.528173468648152	ENSG00000074603.19	uORF
ENSG00000074696.13:O007	175.605485584662	NA	NA	NA	0	0.21737341511708	0.56525316976584	0.161440329642547	15.2810371312678	-0.228557090692628	0.702032021170426	0.327949785889039	0.704666525502992	ENSG00000074696.13	dORF
ENSG00000074800.16:O001	21.7228299879491	28890.0578469043	0.999400059732557	0.999997263596305	2.21386804127185e-08	0.782626578025889	0.565253170081206	0.173405154538425	18.8488442295603	-0.291749434761515	0.729306720184607	0.210672575574798	0.561734121895099	ENSG00000074800.16	dORF
ENSG00000075539.15:O026	1.02399556150902	0.416282508260399	0.0138992273211811	0.041462985817407	0.791486779631642	0.230494981646884	0.225098921631269	0.0333595872479582	200.367352636762	-1.53870928870793	0.321775955633964	2.83831354607677e-07	4.22317736447066e-06	ENSG00000075539.15	mORF
ENSG00000076242.18:O002	0.350703434931147	0.691423297438455	0.612000757704677	0.817297573488033	0.0825831716985543	0.833874071402536	0.760318971256438	0.358611725364354	470.287180681883	-0.492198920125118	0.273206312103229	0.0492249439991226	0.207712276843877	ENSG00000076242.18	mORF
ENSG00000076685.19:O040	1.61230699020692	0.143648378041964	0	0	1.61229398260642	7.63058803698851e-27	7.63058803698851e-27	2.86648647709227e-28	894.700561252353	-0.851216346922704	0.206762213575686	1.7320319465176e-05	0.000189039646275015	NA	NA
ENSG00000078674.20:O003	-2.74144390273831	0.617062883944647	8.88245235053375e-06	5.49536935305396e-05	-2.16762728517159	0.000716026973502926	0.000701097331817388	6.08363827064818e-05	23.7557085615831	2.37508537603508	1.36339215939078	0.00362561749672984	0.0236240632128191	ENSG00000078674.20	uORF
ENSG00000078674.20:O004	2.56239954602949	0.42656079743679	1.88854154536955e-09	1.96260199812914e-08	2.24003908873652	2.57846363869868e-07	2.55015537430161e-07	1.59577457932241e-08	978.371405222749	-0.935588388722363	0.26484399086193	0.000152621914271093	0.00138404924466017	ENSG00000078674.20	mORF
ENSG00000082153.18:O002	0.737091955328727	0.2388806638484	0.00203136814409688	0.00776412343537028	0.676781112563536	0.0827552621055594	0.0818226840300021	0.00906793034593337	3189.86711878486	0.921812428877942	0.152640390524479	6.46908406536738e-10	1.4476093930648e-08	ENSG00000082153.18	mORF
ENSG00000082153.18:O021	20.2936163859212	18895.0475123898	0.999143057985241	0.999997263596305	5.16672560247332e-08	0.782626569931434	0.565253170503316	0.208226294302795	18.7068912772818	-0.17235045383524	0.685760084711956	0.494969861862707	0.830217013485804	ENSG00000082153.18	dORF
ENSG00000083312.19:O014	19.8378537529553	19244.2298597432	0.999177503358617	0.999997263596305	5.24300644797541e-08	0.782626570801121	0.56525317047696	0.204574883069041	21.3729369772255	-0.301365041763902	0.732379404892735	0.2039373545022	0.551592117929133	ENSG00000083312.19	dORF
ENSG00000084092.7:O002	-1.55555643795871	0.156478318053291	0	0	-1.55554395392264	1.11022302462516e-16	5.51744173067183e-21	3.58280246293139e-22	234.769063674972	1.44110649580867	0.288654935824304	1.00882818908224e-07	1.61556815975913e-06	NA	NA
ENSG00000085721.13:O001	-0.00393054629055689	0.349331687885192	0.99102269808558	0.999997263596305	-0.000484217937636068	0.937850253174111	0.87680645202019	0.415459527752798	163.068192067919	0.397075892074701	0.354195119515058	0.190454546983156	0.529725456470128	ENSG00000085721.13	mORF
ENSG00000085721.13:O003	0.00393054626711775	0.349331687911631	0.991022698139791	0.999997263596305	0.000484217934780327	0.937850253173367	0.876806452012097	0.415161500023943	59.0210996021341	0.271210372418757	0.513693503203778	0.444095424105999	0.80034660700469	NA	NA
ENSG00000086065.14:O001	-21.4579532638639	20641.840765276	0.999170569779761	0.999997263596305	-4.75729810687108e-08	0.782626571618367	0.565253170383898	0.190964381659375	476.885614110408	0.753333450754551	0.287512742532676	0.00415171421997243	0.0265739920056967	ENSG00000086065.14	mORF
ENSG00000086232.13:O001	-0.369241505069542	0.0917663731125701	5.72878390250331e-05	0.000307728594762847	-0.366214850913096	0.00822535913070754	0.00819695000397118	0.000835729538705073	1465.48760147004	1.03259017839923	0.192595450023484	2.64688205079589e-08	4.68338397349876e-07	ENSG00000086232.13	mORF
ENSG00000087502.19:O002	-2.02998137425462	0.279185369111372	3.566036355096e-13	5.66999780460264e-12	-1.93264404317316	3.82399667486766e-11	3.80099929711299e-11	1.92049219454667e-12	136.378966103255	1.07366156307399	0.479670730256717	0.00562806006151407	0.0345683589314443	ENSG00000087502.19	uORF
ENSG00000087884.16:O003	-0.913292290211811	0.137113820001097	2.7227997634327e-11	3.60770968654833e-10	-0.913292286365862	4.2246953713132e-09	4.21108136057021e-09	1.95346714475166e-10	448.394490587817	0.961829385761739	1.17846998973972	0.039073330940309	0.174369099664114	ENSG00000087884.16	mORF
ENSG00000088682.14:O001	-1.44624757121807	0.959182536110351	0.131607819210837	0.266229557945587	-0.569867436431503	0.54429008794521	0.504420596588891	0.126770387243745	470.227485696209	0.420313629207257	0.239024297721872	0.0600453202523896	0.241667194334844	ENSG00000088682.14	mORF
ENSG00000089220.5:O001	-1.48460152317799	0.539859686641788	0.00595995146856776	0.0204672199460534	-1.26153986116959	0.104964128705929	0.102067142436676	0.0115670136845524	1693.00333777317	1.50866243841319	0.167417192829286	3.5102885168773e-20	2.7829959067818e-18	ENSG00000089220.5	mORF
ENSG00000096384.20:O005	0.970493200095833	0.494158464915438	0.0495380773723126	0.11934173185148	0.554937034986131	0.43810668460611	0.423756644358566	0.0954108847159583	29.3667053667814	0.0849662413585681	0.58252047694597	0.77349375598296	0.941582278856046	ENSG00000096384.20	dORF
ENSG00000099783.13:O001	-0.11557852494623	0.598327541668215	0.846826364520071	0.999997263596305	-0.0226831469553748	0.886508530666712	0.803145752939224	0.384781621963215	3059.16025000867	-1.0658661865004	0.202913503374868	4.49716311177461e-08	7.67425825240245e-07	ENSG00000099783.13	mORF
ENSG00000099995.19:O026	-1.92866395058582	0.382099186353857	4.47516563362171e-07	3.53622383161201e-06	-1.80831609423496	2.40503515477331e-05	2.37718308033035e-05	1.39820683068469e-06	126.212650442406	3.18488577673516	0.653438776321732	6.98927785647724e-08	1.1501954138421e-06	NA	NA
ENSG00000099999.15:O011	0.940886510682265	0.821625148548577	0.252145780331042	0.434828406427719	0.320711706261701	0.673682770816337	0.623652899818563	0.272927511405965	57.5141532433045	-3.42619760879829	1.52938447057078	0.000697220177879489	0.00545044423862838	NA	NA
ENSG00000100350.16:O016	1.742479588053	0.944246022810208	0.064984302935275	0.149746437198677	0.810301060981951	0.422633216553036	0.39583539081074	0.0798710064707555	35.3757556569371	-0.787920154181415	0.986956125768887	0.0843403468926282	0.31153310497382	ENSG00000100350.16	dORF
ENSG00000100350.16:O017	0.238631084270228	0.292055042489645	0.413885157064742	0.619075634744064	0.0336222186361797	0.888261204113095	0.859103776268332	0.408977828009584	545.675736185114	0.32271455809037	0.227270503441095	0.130336062648163	0.420841272027301	ENSG00000100350.16	mORF
ENSG00000100418.8:O020	0.426044110461086	0.519803242513147	0.412429502825475	0.618644254238212	0.0962807301037093	0.820409630184923	0.773738549885925	0.366580343005765	713.713534973934	-0.851121309205683	0.203958213279323	1.20361012157208e-05	0.000135529948008169	ENSG00000100418.8	mORF
ENSG00000100575.14:O009	0.0520113025813457	0.481455441858176	0.913972436636538	0.999997263596305	0.00847777459727081	0.9114812567506	0.836985918119092	0.400781535510951	13.0678752811998	0.0854304984549079	0.610917702108688	0.749960731694164	0.93451743038277	NA	NA
ENSG00000101052.13:O002	1.3711460691373	0.569813443885017	0.0161147170470928	0.0471000001927895	1.03607910139508	0.211091596233042	0.204269798441641	0.0279607558258444	144.033059714731	-0.144743509937542	0.307787628596425	0.609135834411726	0.882224895169446	ENSG00000101052.13	mORF
ENSG00000101574.15:O026	-2.93390009899271	0.73170758388335	6.08057226350045e-05	0.000323348157156044	-2.15411458871729	0.00451199276717373	0.00439028338449275	0.000291819446079519	18.4430379057276	1.92870033880934	1.71735960034549	0.011946373261631	0.0662104350661504	ENSG00000101574.15	uORF
ENSG00000101972.20:O004	19.6338601785631	19760.9093454635	0.999207245423067	0.999997263596305	4.46472017540117e-08	0.782626571668898	0.565253170440312	0.201265907955315	19.8760209753821	-0.319038866818067	0.738584818740848	0.191744240112759	0.532203916926354	ENSG00000101972.20	dORF
ENSG00000102119.12:O001	-0.704975599954823	0.347529870223923	0.0425059405032462	0.105120242546338	-0.368280253165651	0.488692809282018	0.477589961597421	0.115306406028026	131.540724110565	2.40100370307037	0.649257697217713	1.58846379574255e-05	0.000174868280493768	ENSG00000102119.12	uORF
ENSG00000102241.12:O002	1.20322114691058	0.299409395741973	5.8532891019647e-05	0.000313357901418312	1.19971196471431	0.00260868125680742	0.00257947919714866	0.000187010885353613	590.312531161403	0.204561331330037	0.260973884676709	0.395366200838118	0.766238487644351	ENSG00000102241.12	mORF
ENSG00000102804.16:O024	1.12671927880761	0.467287727478665	0.0159005828707244	0.0466456213366269	0.862468106016808	0.233055559371174	0.226852749771324	0.0337302638045164	80.127180825924	-0.463398475125489	0.586085983547466	0.225418303072342	0.583562972220775	ENSG00000102804.16	dORF
ENSG00000103037.12:O001	-1.53063515144029	0.199649938169243	1.77635683940025e-14	3.24644525821425e-13	-1.5303745639138	2.15805151526638e-12	2.14920492583997e-12	1.377416717079e-13	173.145140722428	0.395616428681063	0.369348147352274	0.203490738918283	0.55092813640158	ENSG00000103037.12	mORF
ENSG00000103257.10:O006	0.77378097314086	0.740422453230696	0.295998308002034	0.491880017372135	0.2457861054636	0.71613966810596	0.66551119820692	0.300206937765838	275.921011516686	-0.33109996623244	0.643436946790495	0.329231586638531	0.705753698466288	ENSG00000103257.10	dORF
ENSG00000103257.10:O013	1.52919039943546	0.781179939662068	0.0502841008905164	0.120955704108806	0.84127674231874	0.378068017148854	0.358813791030218	0.069612101367006	78.4777595622988	-1.50806413103976	1.2220988643438	0.0184164289951949	0.0948682332999828	ENSG00000103257.10	dORF
ENSG00000103319.12:O001	0.573122686818105	0.860847195277066	0.505560759603371	0.715016374790948	0.15585565896671	0.780237809010404	0.703550564734683	0.330648232313469	608.39416550106	-1.0160546637295	0.182862835843361	1.21318820859737e-08	2.25572412514493e-07	ENSG00000103319.12	mORF
ENSG00000104290.11:O004	2.28675363159164	0.433443134266703	1.32187589985122e-07	1.1299906885825e-06	2.01782659059255	1.00140687638042e-05	9.88797901904864e-06	5.52364376634597e-07	107.458771605296	-0.673750288704111	0.461970911218859	0.062857378692144	0.250271134365908	ENSG00000104290.11	mORF
ENSG00000105372.8:O002	14.4733341917776	510.788547353729	0.977394746137642	0.999997263596305	5.16835193712644e-05	0.782612137699688	0.565254178204884	0.236344475462683	13.2087487142001	-0.695708984323198	1.16787927950874	0.0236722499143783	0.116531815201427	ENSG00000105372.8	dORF
ENSG00000105401.10:O004	1.25726542839156	1.24917231198692	0.31418531276508	0.513416903696276	0.342562103196718	0.676318833224116	0.599037533638344	0.257150245163335	8.127043083568	-0.146441916989449	0.66798315385186	0.482579506760645	0.823201582661004	ENSG00000105401.10	dORF
ENSG00000105701.16:O001	1.76731989482819	0.785093518618632	0.0243795371319133	0.0660365656845164	1.09769235902875	0.261612915700448	0.249512525956298	0.0406158400161533	63.9404539639812	-2.86348189991005	1.21529087325539	0.00244177731790631	0.0167461412678761	ENSG00000105701.16	dORF
ENSG00000105928.16:O006	-0.791440698489475	0.87519505344194	0.365835249462172	0.566937667295179	-0.238169025249468	0.728266329119767	0.664011220432281	0.298943597409439	26.6142347024271	0.222135744913422	0.643479270281735	0.433159282772697	0.792859180639977	ENSG00000105928.16	dORF
ENSG00000106683.15:O001	-0.300443836877474	0.813556821416683	0.711906596491391	0.908452237898324	-0.0734721614540203	0.834637500962018	0.742310608292689	0.350031567773378	330.651325636158	-0.503785021917785	0.317545801308126	0.0749929615641251	0.285895672787803	ENSG00000106683.15	mORF
ENSG00000106683.15:O004	-1.29696192412419	1.63192298591841	0.426762103066269	0.633568388305666	-0.264095814143919	0.712815908738731	0.604208560658524	0.261137806126738	6.25226855996604	0.119540272493571	0.67663448073975	0.411103741126319	0.777368600466367	ENSG00000106683.15	dORF
ENSG00000107566.14:O016	1.93621801153252	0.269197039753374	6.3593574850529e-13	9.81687223420787e-12	1.87281335027058	6.28313171747926e-11	6.24630347245442e-11	4.67993762787672e-12	375.848926960164	-0.0277328843171577	0.28752286165165	0.918192439110344	0.98311087375096	ENSG00000107566.14	mORF
ENSG00000108061.13:O001	-0.997270900894001	0.243075326891161	4.08314780109276e-05	0.000225819459395866	-0.995018432871541	0.00227856828784379	0.00225819864452611	0.000155815528379561	79.3163963010207	-0.38279681020938	0.429817978392313	0.260144943177438	0.629902669136874	ENSG00000108061.13	uORF
ENSG00000108179.14:O001	-2.37837175847649	0.525611031846806	6.04053733810339e-06	3.88844306379935e-05	-2.01217140383612	0.000364576467867028	0.000358187989941726	2.79984495272649e-05	1593.29059684612	1.20335522384967	0.176237776983688	2.11949404428608e-12	6.60799219123621e-11	ENSG00000108179.14	mORF
ENSG00000108515.18:O001	-0.456225831633494	0.067902786808069	1.83215664861791e-11	2.48985390709614e-10	-0.456225829001238	5.7787947760346e-09	5.76963402248383e-09	3.60897857325887e-10	5405.88464301002	1.84652958430218	0.169800855859245	1.91159298400241e-28	3.69758129811355e-26	ENSG00000108515.18	mORF
ENSG00000108588.15:O021	0.018026925974284	0.47031515825589	0.969425002476751	0.999997263596305	0.00286903008810114	0.917986066504435	0.840838435189337	0.402532753906972	815.012373090338	0.475082069533563	0.226240199215079	0.0253506460880623	0.123072509495827	ENSG00000108588.15	mORF
ENSG00000108963.19:O001	1.06052503137837	0.15472939871339	7.17825798801641e-12	1.01003807088019e-10	1.06052503030587	1.01476481166779e-09	1.01117568267741e-09	5.37254484979674e-11	314.92146345853	0.186420496483841	0.248437808114906	0.421135418023804	0.78449291679975	ENSG00000108963.19	mORF
ENSG00000110321.19:O012	1.94182872966205	1.22453029988199	0.112790508220887	0.23535027305933	0.651739387894497	0.523669267674497	0.477305231859824	0.114265518725232	33.0358672674487	-0.164381718631498	0.648479495680535	0.506707946147325	0.834673640155494	NA	NA
ENSG00000110880.11:O013	-0.342123834718582	0.991879416072157	0.730150886423772	0.924315214501432	-0.0861419940657182	0.817087922815782	0.708823263732887	0.333903889348126	10.7759581767884	0.04726882871277	0.638754842297431	0.823405018515941	0.957609640546899	ENSG00000110880.11	dORF
ENSG00000110917.9:O002	1.54184274385817	0.138154277444518	0	0	1.54184208046753	1.61824873599899e-26	1.61824873599899e-26	7.99417638427957e-28	472.350846177953	0.0915661967903807	0.218437012952985	0.6521913163888	0.898605511448655	ENSG00000110917.9	mORF
ENSG00000111276.12:O001	-1.23670741760252	0.824923744366793	0.13382749586064	0.269008493575748	-0.517480639019715	0.557126628744253	0.521516165299494	0.135172764957582	364.833810468671	1.21563586839228	0.265769216206965	1.3126173571746e-06	1.76024131618206e-05	ENSG00000111276.12	mORF
ENSG00000111328.7:O017	1.68181697702953	0.555036576762774	0.00244471837528981	0.00912465309087042	1.46615374259271	0.0517938043054545	0.0504372693381709	0.00553215995623836	48.049290139083	-1.10849359868475	0.924940245142932	0.0351418649119254	0.160352973463708	ENSG00000111328.7	dORF
ENSG00000111328.7:O018	0.239386078480048	0.171108366817413	0.161803391096496	0.313358577153994	0.0370496645542488	0.85775161158691	0.845230496320041	0.404868668308646	447.013761475863	0.577904503741858	0.23578325378996	0.00917644229105567	0.052823879782339	ENSG00000111328.7	mORF
ENSG00000111530.13:O001	-1.7907118379058	0.65712596625207	0.00642885723736231	0.0217486872498001	-1.3931609390618	0.109686457055963	0.105996715310181	0.0119800558171333	46.82813531812	1.76404740143599	1.20322179272941	0.00816350165693024	0.0477972375143087	ENSG00000111530.13	uORF
ENSG00000111669.15:O001	-1.44912194804106	0.707608423952956	0.0405683229401024	0.1028766084127	-0.870492733799525	0.344393637628648	0.328934612570206	0.06023698450192	2354.6310891436	1.46949240573693	0.135855924091351	5.22819503007684e-28	9.37648861098003e-26	ENSG00000111669.15	mORF
ENSG00000111786.10:O003	1.82894935014143	1.06155368726079	0.0849068655256389	0.184934131761323	0.73669670873315	0.471341948830991	0.436492193958191	0.101870827664177	38.4225596461544	-0.4587359780611	0.758766694265118	0.194622688091746	0.536207857220052	NA	NA
ENSG00000112078.14:O010	20.8637673025417	18082.8757806861	0.99907941223955	0.999997263596305	6.18077788950211e-08	0.78262656808819	0.565253170571077	0.21799179967016	37.6011271542808	-0.450058578673295	0.815990067014363	0.106553519275773	0.368124286433067	ENSG00000112078.14	dORF
ENSG00000112130.17:O002	1.62007005464371	0.488514521731667	0.000912116064893276	0.00374745359994912	1.49798083454637	0.0230319910225344	0.02253834263738	0.00233122257803887	303.479919143272	-0.953225434168379	0.297770896189588	0.000446224922766468	0.0036489109720246	ENSG00000112130.17	mORF
ENSG00000112175.8:O024	-2.73244041028003	0.672169142951356	4.80101483237849e-05	0.000262323490841299	-2.09900981337413	0.00310177176458037	0.00302566856448914	0.000205877527750227	28.9030676347427	2.38843841489506	1.24776157122504	0.00320102654205183	0.0212395699705648	ENSG00000112175.8	uORF
ENSG00000112237.13:O013	19.0649602614861	17269.1018343809	0.999119141545353	0.999997263596305	6.04133813941951e-08	0.78262656809424	0.565253170648764	0.226153925910128	5.73104005335617	-0.117049357881356	0.681202138751053	0.607748009031365	NA	ENSG00000112237.13	dORF
ENSG00000112651.12:O003	-0.801761421179552	0.31580895487435	0.0111247841082613	0.0345843873209518	-0.610279480640207	0.24305471206779	0.238820716512932	0.0371535202796747	143.553469239041	2.20599650430877	0.635216446726878	3.68106540197434e-05	0.000376514289246794	NA	NA
ENSG00000113594.10:O006	12.7705728526425	465.614722879322	0.978118893070418	0.999997263596305	5.48810101581805e-05	0.782611315312093	0.56525438343496	0.23668496190986	12.4947079481244	-0.379795080554475	0.792796359361408	0.0954075274686771	0.340921595331763	ENSG00000113594.10	dORF
ENSG00000114354.15:O005	19.7578512779882	17686.511144146	0.999108672078852	0.999997263596305	5.77044246068254e-08	0.782626568280455	0.565253170607623	0.222491947025467	15.370482864973	-0.241283561874444	0.709584671469127	0.281372728804872	0.654490891756312	ENSG00000114354.15	dORF
ENSG00000115091.12:O001	-2.3070549350167	0.323368075614749	9.71667191151937e-13	1.48552964801113e-11	-2.10446171052752	1.40985001451099e-10	1.39986101149234e-10	8.53485914324671e-12	120.110997213819	3.14458314651036	0.624830896608212	2.84873385295274e-08	5.01173677130185e-07	ENSG00000115091.12	uORF
ENSG00000115216.14:O003	-0.345489467380359	0.636389632926336	0.58720565019341	0.795956507934802	-0.0782605384985589	0.83870261874295	0.771526749809097	0.365402241162991	19.8112141490113	0.363526958201135	0.698641383872877	0.245249397382806	0.609986467369582	ENSG00000115216.14	uORF
ENSG00000115241.11:O001	1.6355597492014	1.10184630808089	0.13770786651204	0.275762604224362	0.580589888756049	0.550419100268428	0.504258273371834	0.126245143558982	20.0962655503534	-0.442784050807912	0.786318340596452	0.163557965701874	0.484536047057634	ENSG00000115241.11	dORF
ENSG00000115507.10:O001	-1.2351988577952	0.663814053948113	0.0627780299755445	0.145082947181854	-0.676677293282302	0.433353552932423	0.41377146547006	0.0904197263917722	12.3510575419372	0.570389869607211	0.907866331499709	0.0847379142833539	0.31272023206458	ENSG00000115507.10	uORF
ENSG00000115677.18:O014	1.39006707758739	0.797709139881701	0.0814080832137596	0.177800621304777	0.676386569273848	0.465674141569004	0.439480745284999	0.102372476873123	55.3184507755079	-0.805941162771186	0.930017624176019	0.0900140709599639	0.326769989485711	ENSG00000115677.18	dORF
ENSG00000116044.17:O001	0.0522067752925137	0.230825226598129	0.821065719387822	0.999997263596305	0.00453971450672788	0.948742045202116	0.913043575641438	0.423924241844955	331.878219980445	-0.0858231145062791	0.288713726437956	0.727402368695095	0.92660104402557	ENSG00000116044.17	mORF
ENSG00000116237.16:O001	0.314027385608255	1.29181487699511	0.807935613494141	0.993517111721333	0.0721478386986423	0.808051069869676	0.67083759674263	0.305838014907736	18.7914763248876	0.0482061072606002	0.650015102942097	0.777204457342742	0.94326134741065	ENSG00000116237.16	dORF
ENSG00000116237.16:O028	-1.43708924398309	0.413667142730478	0.000512716732441909	0.00219145054995332	-1.39083521154059	0.0148411727932969	0.0145814954762189	0.00153115063715135	482.298104050065	1.07601237599215	0.244980470812049	3.08229981368024e-06	3.87463649596518e-05	ENSG00000116237.16	mORF
ENSG00000116455.14:O012	0.93467874914396	1.07526078514024	0.384706177515967	0.588722639317023	0.26593121314806	0.715354972599235	0.638458838624064	0.282000219764924	12.4012985223269	-0.097617230416903	0.643624170075507	0.674188939833976	0.906038717477219	ENSG00000116455.14	dORF
ENSG00000116649.10:O001	2.2141181776865	0.6660595125081	0.000886710772345811	0.0036525132850514	1.7613266806732	0.0261075091673002	0.0253519891012906	0.00245499013844194	101.156888354676	-1.94847496693132	0.875333770152331	0.00370306607016018	0.0240481237409154	ENSG00000116649.10	dORF
ENSG00000117118.12:O004	-1.78577597862267	0.672692388740015	0.00793861411944485	0.0260793315080936	-1.35535330952451	0.127568934941139	0.123087082187468	0.0142251992244639	31.6036504206567	2.55203450303069	1.34428739957373	0.00251313200060421	0.0171654024334114	ENSG00000117118.12	uORF
ENSG00000117335.21:O001	-1.26996900699212	0.23828094348319	9.83681709421091e-08	8.45434550259208e-07	-1.26991791139003	7.13285002074127e-06	7.08366416706364e-06	3.11970271633103e-07	258.942917333332	2.32132766024344	0.394425316002271	3.52475571481645e-10	8.23397412657775e-09	ENSG00000117335.21	uORF
ENSG00000117335.21:O024	1.07017017560829	1.00590301955714	0.287378528181683	0.480737465361127	0.33639884826011	0.674553996939736	0.612100026109295	0.267369441129361	9.92892903297986	-0.137099790804215	0.651582636765221	0.567664751684006	0.865947159295	ENSG00000117335.21	dORF
ENSG00000118600.13:O001	-1.12516308423595	0.67380328429086	0.0949453237704816	0.203728832382005	-0.541084635458507	0.514947822968847	0.489555575284162	0.122068038276453	49.3135855346571	0.921563766237609	0.993290891773925	0.0502011758855864	0.210824353811831	ENSG00000118600.13	uORF
ENSG00000119685.20:O002	2.06157907617326	0.263854954618764	5.55111512312578e-15	1.07637476167927e-13	1.96217417822597	6.98540462480941e-13	6.94847550597035e-13	2.55973305480992e-14	393.89798160905	-2.18957510118609	0.330097324911429	3.3446516269975e-12	1.01702184657961e-10	ENSG00000119685.20	mORF
ENSG00000119729.12:O011	-1.24681099981837	0.293973443470385	2.22291412619313e-05	0.000129391176224431	-1.2449725434382	0.00106059719182738	0.00104948854009743	9.82612573273143e-05	148.452638422094	-0.452067136818275	0.313284431168243	0.10481178097105	0.363764325784446	NA	NA
ENSG00000120437.9:O009	-0.991298844749742	0.436031525008248	0.0229986653373899	0.0637071043317944	-0.690412651755212	0.309367081145143	0.301313728524289	0.0544155158529683	52.8954459318915	1.18130949583647	0.873547843136019	0.0220479838720682	0.109953804043578	NA	NA
ENSG00000120742.11:O027	0.0661270442687696	1.18885166509532	0.955642444334788	0.999997263596305	0.0156408671960877	0.837948816173165	0.688284447956781	0.321107281881652	18.674229681259	-0.0882568048834803	0.642154989721078	0.700055709202408	0.91627017311379	ENSG00000120742.11	dORF
ENSG00000120875.9:O031	21.2136836273867	18992.5467568049	0.999108804767398	0.999997263596305	5.64133592731038e-08	0.782626569397497	0.565253170495815	0.207017399688126	6.31771483146638	-0.176832817546531	0.696475348973388	0.329852439766731	0.706294099175952	ENSG00000120875.9	dORF
ENSG00000121774.18:O001	0.306840685328982	0.253079826025618	0.22534916558073	0.401657977631068	0.0537271002741163	0.844631354492344	0.82490229346045	0.3943800444768	2054.53270232225	0.925954282109686	0.176700244879853	6.7190849506809e-08	1.10819907813797e-06	ENSG00000121774.18	mORF
ENSG00000122042.10:O038	0.981233801052524	0.582328720189629	0.0919852890271098	0.198718219501501	0.46841889457905	0.534575151152635	0.511777069558102	0.130452497935302	2372.2851136385	0.215374399379115	0.627544822340728	0.459050881853867	0.810343476691956	ENSG00000122042.10	mORF
ENSG00000122140.13:O003	2.21403910022538	1.11695482511788	0.0474557342806088	0.115374032884049	0.935055636903827	0.387759870667645	0.360399967957737	0.0705646887645481	24.4383478970775	-0.600837380282771	0.907868556073207	0.109330994067115	0.374557543941556	ENSG00000122140.13	dORF
ENSG00000122376.12:O001	0.603450429663486	0.134327471580103	7.04306628640516e-06	4.42627485983566e-05	0.602987657755127	0.000770395257883332	0.000766876425320878	6.60460633536356e-05	386.841223831472	-0.236958937774299	0.241193664187745	0.31300042067562	0.689482779863422	ENSG00000122376.12	mORF
ENSG00000122565.19:O002	-0.979592233499729	0.371733051662073	0.00840868570479825	0.0272297561519943	-0.810588379703913	0.175518143790372	0.172035562129459	0.022699782496075	109.954904078034	2.26451319800226	0.659982840450332	4.9590381473517e-05	0.000493965123628764	ENSG00000122565.19	uORF
ENSG00000122566.23:O014	-0.785318547018303	0.440228696712905	0.0744419187481675	0.167178885324274	-0.364676371936726	0.552441955145002	0.535129390215624	0.13994724451706	9999.47889313815	0.941719506509532	0.195501828396842	5.18985543860417e-07	7.44618288074684e-06	ENSG00000122566.23	mORF
ENSG00000123144.11:O002	-1.69152614582273	0.460622130617852	0.000240410975097305	0.00113428323788413	-1.58798135551367	0.00724603455677719	0.00711175527538379	0.000684849169035313	496.962343518024	1.46963616779702	0.232442103586175	4.91229712590083e-11	1.28987076983942e-09	ENSG00000123144.11	mORF
ENSG00000123159.16:O004	3.0398335530802	0.845272612528721	0.000322805385063907	0.00148771177464235	2.05847274608926	0.0194153560629428	0.0187534215598774	0.00198769228563128	12.2075814255577	-2.18390537266235	1.95323984937301	0.0125672663593548	0.0691433589942461	ENSG00000123159.16	dORF
ENSG00000123352.18:O002	-0.549616622069408	0.270939814970662	0.042503520917309	0.105120242546338	-0.252979916842924	0.549497524810576	0.539715672535258	0.144699209014752	72.6368496524846	-1.1195750314927	0.622527630332699	0.0139977694427113	0.0754739626475439	ENSG00000123352.18	uORF
ENSG00000124422.12:O018	20.780184622191	20533.1367882845	0.999192515696877	0.999997263596305	4.49308112176631e-08	0.782626571911091	0.565253170390667	0.191405240067774	54.6767518698253	-0.487022183752718	0.839742136353006	0.0951313425748678	0.340234990457743	ENSG00000124422.12	dORF
ENSG00000124788.19:O051	-0.46149638007663	0.804001437765857	0.565968175983241	0.776436065412729	-0.119390398736969	0.804877143653118	0.726592122457278	0.343868662634664	27.0734159565427	-0.498519098990565	0.660141924365512	0.188121784159313	0.525851436033754	ENSG00000124788.19	uORF
ENSG00000125356.7:O002	0.449919032329073	0.590696232134916	0.446253514967789	0.650532999687064	0.107737604438329	0.813027580562065	0.75923957602474	0.35831504349885	30.3755657630954	0.490728021696373	0.737795884757398	0.162332222744117	0.482529887302391	ENSG00000125356.7	dORF
ENSG00000125845.7:O005	1.01054499336247	0.345590166765533	0.0034543837679526	0.0124264031471598	0.918306833786482	0.0925601648463369	0.0909897370366839	0.0108102255190199	285.586847123634	-1.11737040619985	0.528531747484925	0.00803522003814848	0.0471133477716864	ENSG00000125845.7	dORF
ENSG00000125845.7:O010	0.130299336778174	0.456252872130833	0.775195388567315	0.963690905255692	0.0209073628087866	0.901732508280698	0.839537456697598	0.401365730849393	181.392887561583	-0.118705677726905	0.476096430793791	0.734550051843021	0.928928795010858	ENSG00000125845.7	dORF
ENSG00000126767.19:O011	-1.64245039683989	0.359046847135975	4.77418333266755e-06	3.13675681774438e-05	-1.60471457959404	0.000210848992857948	0.000208336033911167	1.61685968124505e-05	38.7689239192309	1.47538893784156	0.929509195884647	0.0100751675087338	0.0572921446221596	ENSG00000126767.19	uORF
ENSG00000127080.10:O038	1.06328181039019	0.37740762908836	0.00484247525970005	0.0168849466292173	0.944216821889139	0.112986715303619	0.110831438662176	0.0124084984886223	347.1521424232	-1.40803861425455	0.251382761448866	4.47692476601138e-09	8.90204442843328e-08	NA	NA
ENSG00000127666.11:O002	-1.4436484141941	1.23025916767992	0.240615137824874	0.422271599547007	-0.41918578443908	0.637179193736931	0.570311659935158	0.241405122990202	260.57776933172	1.35066440420989	0.333686131146674	9.23751620024672e-06	0.000106650011255661	ENSG00000127666.11	mORF
ENSG00000127870.17:O013	0.150290845863828	1.00886967879942	0.881577673069509	0.999997263596305	0.0369258792533899	0.841227115847347	0.714436571743851	0.337440869638505	5.18745859578587	-0.0548227223670074	0.65397240868833	0.761614689079407	NA	ENSG00000127870.17	dORF
ENSG00000128011.5:O006	-0.137378075508249	0.554561665682625	0.804348182467823	0.989871215266129	-0.0256553391931894	0.888232219758122	0.813034308261878	0.388553207171032	9.4731504154716	0.1395359742299	0.623206499475403	0.61555043018263	0.883874231523858	ENSG00000128011.5	uORF
ENSG00000128272.19:O002	-0.94478579348866	0.3701384468832	0.0106946765059839	0.0334734953632173	-0.750370386597409	0.209688806908574	0.205438746817955	0.0286593427446765	112.891948997135	2.78844077430289	0.592876663653393	1.84841878266735e-07	2.83831387887137e-06	ENSG00000128272.19	uORF
ENSG00000128944.14:O007	1.32940371699867	1.42674186028907	0.35145233887544	0.553824795651091	0.31792407128198	0.68911993963479	0.598885419572595	0.256817021685289	24.0572385893072	-0.245972027165489	0.689019307425134	0.316334583892932	0.692972499372925	ENSG00000128944.14	dORF
ENSG00000129128.13:O001	-1.06361450881076	0.461631073015427	0.0212206352368784	0.0596127385629624	-0.764703191301319	0.28367921679498	0.275952063859432	0.0493694459583522	5200.47743900724	0.998734258134525	0.143482783904543	1.11920453646477e-12	3.62710628067463e-11	ENSG00000129128.13	mORF
ENSG00000130164.16:O002	0.885160633629044	0.0919270704049397	0	0	0.885160633629044	1.99063272538306e-19	1.99063272538306e-19	9.10165318285818e-21	1546.73388652527	-0.0262132881383301	0.177462615626629	0.87527682452248	0.973445210908109	ENSG00000130164.16	mORF
ENSG00000130713.17:O001	-0.976338885629438	0.890774839327643	0.273054377277684	0.462853368732961	-0.321843030016785	0.677712339567561	0.62227805174835	0.271946143668939	986.63677865902	-0.151597164461559	0.175461288548902	0.379359685387655	0.752749534166545	ENSG00000130713.17	mORF
ENSG00000131143.10:O001	1.00253560037157	0.104693424820011	0	0	1.00253560037157	2.90838251759073e-19	2.90838251759073e-19	1.52263618475585e-20	453.229807399624	-0.315214790890338	0.223874357336722	0.143750953290943	0.446968437075736	ENSG00000131143.10	mORF
ENSG00000131507.11:O002	0.939522021924915	0.71842083635702	0.190954730552446	0.35552461543137	0.351764412637063	0.642574020791985	0.603429247300552	0.259146964333668	34.6476036818063	-0.452675434879486	0.715343815350544	0.201003375277046	0.547043334291969	ENSG00000131507.11	dORF
ENSG00000132153.15:O003	1.80639442608979	0.299738728847161	1.67482716584288e-09	1.76355973092065e-08	1.76098505986123	1.17856163482817e-07	1.16946749844036e-07	7.48658814433697e-09	1148.01762799966	-0.536837526455378	0.157544603130788	0.000435899467643585	0.00356842584358348	ENSG00000132153.15	mORF
ENSG00000132182.13:O007	-1.62896199489009	0.501225779258763	0.00115422649795449	0.00462182076046316	-1.49111057933635	0.0280461027091767	0.0274190246883551	0.00270960116836295	53.5317080817995	0.449124172318577	0.649719991164631	0.216267108205583	0.570584747082633	ENSG00000132182.13	dORF
ENSG00000132341.12:O003	3.28769535579462	1.06641682827616	0.00204968891973123	0.00780086952024876	1.81327450513579	0.0898644191954272	0.08551077503374	0.00958237311323923	44.9783121462305	-3.46725770392751	1.24667638223675	0.000503421903386754	0.00407067678280228	ENSG00000132341.12	dORF
ENSG00000132429.10:O006	1.25569727180018	0.887273240280065	0.157000554605502	0.305172227167175	0.489694001247572	0.58027685691215	0.539182954844667	0.143648797366398	21.239204672056	-0.321777505614963	0.643448759975062	0.333114566328371	0.709373315637885	ENSG00000132429.10	mORF
ENSG00000132963.9:O004	1.40809879587974	1.19135132555584	0.23723183716848	0.418180289465502	0.420355726678074	0.635551019469735	0.570875456284452	0.242409765337094	10.9809548085999	-0.132363442799903	0.661676577194881	0.525730379663012	0.844465347932004	ENSG00000132963.9	dORF
ENSG00000133112.17:O036	-0.761299944100644	0.306880849296309	0.0131099965586217	0.0394043374824356	-0.554292471683225	0.276684018223264	0.271911392751493	0.046938788859721	2441.51282097418	1.13468630520178	0.156695977041157	1.18312315775827e-13	4.34066385932268e-12	ENSG00000133112.17	mORF
ENSG00000133250.14:O007	-1.53720704690689	0.936859108052239	0.100837027188353	0.213774497639308	-0.654617763661217	0.498097515034831	0.464229185869419	0.108539886641833	11.6157787671696	0.614482237386248	1.02020901254214	0.0438445318937385	0.190501732425517	ENSG00000133250.14	uORF
ENSG00000134291.12:O004	21.642628109677	17095.4179563616	0.998989886397908	0.999997263596305	6.79930868071733e-08	0.782626565373937	0.565253170666893	0.22759690141971	19.7109186290895	-0.563169443745905	0.934168032346393	0.0564277330246468	0.230687462276815	ENSG00000134291.12	dORF
ENSG00000134453.16:O001	-0.177578619029631	0.986233916885963	0.857107582103975	0.999997263596305	-0.0437529139023012	0.839553735682567	0.717505730426301	0.340949993013651	383.667188497347	-0.96224619942235	0.24190449242288	2.28216358924895e-05	0.000243402233847583	ENSG00000134453.16	mORF
ENSG00000134744.14:O001	-0.80585467686678	0.180379772251926	7.91225201224321e-06	4.93352184292812e-05	-0.805340229609501	0.000642340734076097	0.000638387133610031	5.61137455033185e-05	212.047624630499	-0.731130302089879	0.370389528071149	0.0216173875147096	0.108248086436832	ENSG00000134744.14	mORF
ENSG00000134758.14:O011	19.5433701986199	20494.1789228521	0.999239132680412	0.999997263596305	4.36988096580155e-08	0.782626572655616	0.565253170392624	0.192721606019621	3.68071480315869	-0.151007722659359	0.690222133442206	0.391791012124054	NA	ENSG00000134758.14	dORF
ENSG00000135297.17:O002	0.761790140161832	0.263374114852337	0.00382279211646219	0.0136897285251687	0.665907388804473	0.127535827181224	0.125865008968075	0.0144673680091572	224.064642224934	-0.182361003001281	0.309380783308706	0.507525089963488	0.835175023326403	ENSG00000135297.17	mORF
ENSG00000135297.17:O038	11.8835604817769	218.939337221796	0.956713782201341	0.999997263596305	0.000230967270109063	0.782562506717257	0.56525864681209	0.238376886505636	3.94006154113366	-0.146363846331184	0.688358065256149	0.439286120348828	NA	ENSG00000135297.17	mORF
ENSG00000136021.19:O002	-3.72183787581536	1.1638260665059	0.00138416397929664	0.00542427692542243	-1.89234494460432	0.0871708294317113	0.0827175110734863	0.00923723972691625	6.26000902706581	0.408966712706984	0.826729406711951	0.0642437164721288	0.254672877658998	ENSG00000136021.19	uORF
ENSG00000136026.14:O008	-1.44565659522318	0.610363222123438	0.0178594862375878	0.0512573702486726	-1.05688843333357	0.220729439160931	0.213012911541307	0.0304348989877453	908.898015635316	1.71008741137336	0.163349940160262	1.20972058587621e-26	1.82420926715088e-24	ENSG00000136026.14	mORF
ENSG00000136205.18:O025	2.44684454347107	0.236674686671303	0	0	2.30793484186394	2.09305254652649e-22	2.09305254652649e-22	6.6455989180683e-24	2335.44498108431	-1.46448135109198	0.225641007756049	1.58260857195844e-11	4.42950558265185e-10	ENSG00000136205.18	mORF
ENSG00000136986.10:O019	0.513503962495961	0.192721803200011	0.00771067705213357	0.0254926835885055	0.374629554912166	0.273257348702454	0.270444665916063	0.0461277095280051	721.453181806172	0.502843504152146	0.187681137656974	0.00510241645261866	0.0317354841484843	ENSG00000136986.10	mORF
ENSG00000136997.22:O004	-0.868663733621678	0.133675873012263	8.12414580053655e-11	1.02518982721056e-09	-0.86866372268832	1.26270310873977e-08	1.25864103093605e-08	7.36352004506932e-10	746.236915769869	2.02100319169749	0.237717061216586	2.35006128674566e-18	1.53669051750121e-16	ENSG00000136997.22	mORF
ENSG00000137221.14:O002	-1.19053247370681	1.07145410391975	0.266509313469383	0.455644955286365	-0.37066834055402	0.657932099571406	0.594906673661647	0.254143206144185	6.91803291205303	0.190635647524791	0.682770464744501	0.34428454829889	0.719678207361236	ENSG00000137221.14	uORF
ENSG00000137575.12:O013	0.546242747927892	0.935229548123824	0.559170897106536	0.768437101468792	0.145546490977898	0.785430911250351	0.698716733593216	0.326488154987729	12.3877653185157	-0.183627190679618	0.664582541551889	0.44587616407814	0.801400686025693	ENSG00000137575.12	dORF
ENSG00000138092.11:O001	-0.75395948382837	0.16719539621394	6.4995536073198e-06	4.11724710583206e-05	-0.753529219599293	0.000573920800968186	0.000570672878724037	5.17791380869462e-05	419.600126263183	1.35086376618089	0.263842552452033	5.9003193402589e-08	9.81924765882274e-07	ENSG00000138092.11	mORF
ENSG00000138382.15:O005	0.51872315933804	0.333775728451317	0.120158921971737	0.247448849251291	0.160759435847299	0.708705505295626	0.690086037538547	0.322303677012848	27.4075321737804	0.0910829747671779	0.556600996180243	0.773101157754393	0.941435850662054	ENSG00000138382.15	mORF
ENSG00000139116.19:O017	-3.95901897917142	0.735861297422523	7.44379484718394e-08	6.4324096777296e-07	-2.90784061272585	4.22859169078027e-05	4.14058653662629e-05	2.3140930621418e-06	15.1075665388557	1.17996683229821	1.73322862030403	0.0257815648143308	0.124607523818086	ENSG00000139116.19	uORF
ENSG00000139405.16:O001	-0.52836692265552	0.250033248223916	0.0345847953274032	0.0899997128814584	-0.255700548744306	0.524423535223076	0.516054965234443	0.133076919526191	150.091023921585	1.82538875334033	0.533015579620759	5.92815369846386e-05	0.000582333524035488	ENSG00000139405.16	uORF
ENSG00000140157.16:O003	1.62133303519255	0.151727647178039	0	0	1.62129285693007	2.62571284121415e-24	2.62571284121415e-24	8.13454715320192e-26	439.17046268393	-0.791346709559532	0.260743902435621	0.00108013280908382	0.00807803777967647	ENSG00000140157.16	mORF
ENSG00000140391.15:O040	-0.24815898042087	0.352595963418674	0.481553904390946	0.687934149129923	-0.0381501144651639	0.883282687318401	0.846267426239313	0.405160213062893	1621.69217692959	0.152795089439146	0.13407109288994	0.239142300499335	0.601687580799019	ENSG00000140391.15	mORF
ENSG00000140854.13:O004	1.39723239246993	0.32474953709059	1.68887519147454e-05	9.98257083436622e-05	1.3910094839502	0.000743848513083522	0.000735361711587835	6.33914028916385e-05	215.804869487229	0.278657994332812	0.295352369860246	0.293227484740046	0.668639021338167	ENSG00000140854.13	mORF
ENSG00000140943.18:O005	2.43337354731202	0.179683267606747	0	0	2.3458756359589	7.68873408177419e-39	7.68873408177419e-39	3.66131676824873e-40	691.724329782998	-2.24269817531458	0.219319897170113	1.73373576402147e-25	2.27946148760759e-23	ENSG00000140943.18	mORF
ENSG00000141026.6:O001	-21.8808616998913	21849.6539108333	0.999200975956846	0.999997263596305	-4.19748590979077e-08	0.782626572805552	0.565253170317454	0.183307450964019	117.870614913141	0.622806281890047	0.404405665208901	0.0614934449342679	0.246060362081287	ENSG00000141026.6	mORF
ENSG00000141526.18:O015	-1.62431395197671	0.0731268630436738	0	0	-1.62431395197671	0	2.4790380395465e-106	8.26346013182165e-107	3547.325792518	1.01710442915899	0.173850420909274	1.54260544266669e-09	3.28292385249545e-08	ENSG00000141526.18	mORF
ENSG00000141756.20:O004	20.206629558517	21406.4215002387	0.999246835564921	0.999997263596305	3.69387180171764e-08	0.782626573284681	0.565253170340421	0.185591815314294	17.0282844579416	-0.347107206720423	0.76577018971446	0.130196491687205	0.420645682875811	ENSG00000141756.20	dORF
ENSG00000141873.11:O002	0.792240355343435	0.487638050030303	0.104237507746268	0.220103104288225	0.333958054106884	0.599190385794969	0.577113985900552	0.245754934118515	187.622637512551	1.08246899451041	0.353466011145951	0.000563049119567032	0.00449284011283024	ENSG00000141873.11	mORF
ENSG00000141873.11:O003	-0.792240355343432	0.487638050218427	0.104237507879895	0.220103104288225	-0.333958053980049	0.599190385971031	0.577113986056318	0.246088293325696	39.5082157292903	1.39459622703486	1.0679851692789	0.0170754430265577	0.0890154145077145	ENSG00000141873.11	uORF
ENSG00000141959.17:O001	-21.4475019020637	15853.1208565173	0.998920551633328	0.999997263596305	-7.94468245791804e-08	0.782626562405924	0.565253170813652	0.231853072881769	1152.2674996029	-0.080901796127528	0.175263735630644	0.633021905813675	0.889651054050908	ENSG00000141959.17	mORF
ENSG00000142634.13:O008	0.341483314752478	1.18393606144032	0.773017194821597	0.963690905255692	0.082146380045541	0.808821719103984	0.682403466322138	0.313543231232603	64.4848565020542	0.105991933509044	0.627116338652222	0.674114579610326	0.90597174040391	ENSG00000142634.13	dORF
ENSG00000142634.13:O011	0.770966617023375	0.595827021632882	0.195684870633674	0.363004142276317	0.269513339391468	0.680230632548915	0.645285670518682	0.28588389703324	76.2582886312155	-0.0149240189190154	0.553421162504491	0.971770186789106	0.994819738727134	ENSG00000142634.13	dORF
ENSG00000142864.15:O055	0.315983954108109	0.138746342026661	0.022761045172393	0.0631983600893921	0.135037999364798	0.577506406172267	0.572642858571872	0.243412950676313	1253.14514522521	-0.89798516185125	0.21205406706106	9.25325297745234e-06	0.000106764969160517	ENSG00000142864.15	mORF
ENSG00000142949.17:O011	18.0551873208394	16644.6757340988	0.999134500869187	0.999997263596305	6.02328885744914e-08	0.782626567793272	0.565253170716202	0.22902764832342	16.1738857126717	-0.107225613474195	0.673697170911411	0.870442338053012	0.971586672546487	ENSG00000142949.17	dORF
ENSG00000143570.19:O009	0.819082434307327	0.158223004673115	2.25773010287256e-07	1.8704984049156e-06	0.819062920811958	2.39364875851292e-05	2.38236037693489e-05	1.51204133291142e-06	1238.87245423808	1.10746770406082	0.205805996506436	1.83680026703621e-08	3.3363119894618e-07	ENSG00000143570.19	mORF
ENSG00000143878.10:O004	3.81263392401578	1.12275841742911	0.000684348215270525	0.00288624313602158	2.0330459821513	0.0572956019625164	0.0546033700603697	0.00621727049446614	54.3545659952004	-3.65782721193358	1.5517455990108	0.00275227771321438	0.0185688276323421	ENSG00000143878.10	dORF
ENSG00000143878.10:O007	2.76103828153605	0.806872998220132	0.000621853024099117	0.00262964443701488	1.9370605919676	0.0269877399888408	0.026070070163407	0.00258041481739352	120.81256737348	-0.90221167759218	0.850507556422454	0.0726886516962279	0.2792432397751	ENSG00000143878.10	dORF
ENSG00000143952.20:O011	-3.28336866411266	0.54499753511244	1.69573532993184e-09	1.77382840433659e-08	-2.69447088018474	5.91408735650667e-07	5.8316069467791e-07	3.11795158053002e-08	13.2115069609896	0.676404773838359	0.940355961991785	0.0759310007271169	0.288489389331893	ENSG00000143952.20	uORF
ENSG00000144231.11:O022	0.677527955568477	1.41661743022878	0.632456871737256	0.834528154408496	0.150116701569053	0.768457546533493	0.645438480576919	0.286848477251011	17.6787999502916	-0.194814802049814	0.67269527298241	0.413940096637018	0.779500324698233	ENSG00000144231.11	dORF
ENSG00000144724.20:O001	-1.93473691816016	0.349799078410595	3.18419586253782e-08	2.90969621921559e-07	-1.8298745239201	2.00399878158564e-06	1.98446446632982e-06	1.10229314824775e-07	44.0301162465067	0.768273588458163	0.69469487354066	0.0695242348692229	0.27003499340238	ENSG00000144724.20	uORF
ENSG00000144724.20:O002	2.09595494557569	0.363077976265631	7.79924991256564e-09	7.70236482048408e-08	1.93060163715629	5.8804426977352e-07	5.82330256071979e-07	2.7707936063963e-08	724.395061600295	-1.45932357480583	0.229340301582107	2.80855312192169e-11	7.60718439071824e-10	ENSG00000144724.20	mORF
ENSG00000145335.17:O015	1.83931939369658	0.651738405451757	0.00476992415691901	0.016668526915359	1.45621769256233	0.0885083099855945	0.0856366127896384	0.00975601292985201	296.179253320487	0.442702005211538	0.276968057786823	0.0790306176787925	0.296735180495416	ENSG00000145335.17	mORF
ENSG00000145335.17:O016	-1.83931939353934	0.65173840868661	0.00476992436886059	0.016668526915359	-1.4562176861	0.0885083129477845	0.0856366156302024	0.00992886168315577	37.7123309680297	2.25304081305772	1.27560097849581	0.00463896117499481	0.0293168697588408	ENSG00000145335.17	uORF
ENSG00000145740.20:O001	-1.53574042593226	0.337725117634965	5.43362248084378e-06	3.5263100998129e-05	-1.51873595511835	0.000245904221352955	0.0002431305457251	1.80835622031202e-05	58.4927683561931	0.978719481788345	0.706397212801969	0.0331041926473278	0.152821991422657	ENSG00000145740.20	uORF
ENSG00000145740.20:O002	-2.2065204917209	0.514718773531183	1.81227239990367e-05	0.000106722707994327	-1.90806054212008	0.000862259415595923	0.000846719502939967	6.89809259084714e-05	48.2409924435108	1.65499816935631	1.02169086134035	0.00795575785982306	0.0467215822812212	ENSG00000145740.20	uORF
ENSG00000145741.17:O003	0.485206971509901	0.472741491283291	0.304717923856123	0.502074092156721	0.118103990046798	0.793586141769273	0.756479020455126	0.357130040219165	71.1645075269758	0.0448274812723913	0.531030744562832	0.881910452903903	0.974702061456727	ENSG00000145741.17	dORF
ENSG00000146648.21:O001	1.4423154299179	0.516127804603215	0.00519811995092656	0.0180458749388062	1.25196762014775	0.0959840011702886	0.093481007506621	0.0111781641488005	1875.16408844835	-0.712498471687795	0.166102264646689	9.56526195294445e-06	0.000109952894477764	ENSG00000146648.21	mORF
ENSG00000146674.16:O016	-1.68989372551377	0.411936300950027	4.09031473622701e-05	0.000225819459395866	-1.61866552598421	0.00148905673314925	0.00146663488556319	0.000112256084074297	3985.7693743826	1.57963206063575	0.803274732813926	0.00469881882234434	0.0296647063211742	ENSG00000146674.16	mORF
ENSG00000147123.12:O002	0.339257959252358	0.556816317399989	0.542337774309342	0.750493525806661	0.0718769660276947	0.845289270282547	0.787700415079065	0.373078037043408	3160.49673717831	1.83002821251711	0.18774357175415	2.31531628841436e-23	2.49385890015944e-21	ENSG00000147123.12	mORF
ENSG00000147649.10:O014	0.700246336357139	1.11460247152146	0.529841747334744	0.740939646668639	0.183092898521684	0.760258176062207	0.665397216786203	0.299891748585129	30.1627373946907	-0.338799522763665	0.716444651294124	0.249763513886486	0.616441513830999	ENSG00000147649.10	dORF
ENSG00000149231.16:O042	-0.312947892621809	0.318762326207637	0.326218421203723	0.527121229384065	-0.0537947496235672	0.856141127846367	0.828103171862472	0.397577295324585	111.424082285782	0.424124136419904	0.364348106189755	0.171924896493742	0.499177766254048	ENSG00000149231.16	mORF
ENSG00000149273.15:O001	-1.76310263058673	0.586754660001193	0.00265722438143845	0.00975747521128669	-1.49661966698688	0.0556173082801241	0.0540690073409767	0.0059828637372842	10426.3401403531	1.07343317907949	0.129245185068091	2.94543051064387e-17	1.69236283383729e-15	ENSG00000149273.15	mORF
ENSG00000149485.19:O004	20.2937136875162	17966.6230710654	0.999098771242345	0.999997263596305	5.64421309023065e-08	0.78262656834642	0.565253170581617	0.220631136908333	9.86665467848296	-0.253794335498984	0.719293679770059	0.227364568913228	0.585074951767149	ENSG00000149485.19	dORF
ENSG00000149485.19:O015	0.260811012213459	1.24527212759553	0.834104006254791	0.999997263596305	0.060923536080017	0.815297794279059	0.677633825213273	0.309853620200286	47.7330981233638	-0.0950809535412521	0.63455952015603	0.701234070345181	0.916966495155285	ENSG00000149485.19	dORF
ENSG00000149532.16:O015	19.7390298932002	22658.2358288388	0.999304912115671	0.999997263596305	3.44602149598551e-08	0.782626574776689	0.565253170278732	0.180995430871201	23.7431839306834	-0.14627507652181	0.679152526921123	0.61553889040862	0.883874231523858	ENSG00000149532.16	dORF
ENSG00000149925.22:O003	-0.371317551985497	0.405827748519499	0.360210824645199	0.560955152973425	-0.0737991894067351	0.837044033845482	0.801247536526285	0.383038881141777	13181.8455903709	1.71658175715289	0.132971955778202	5.66257738611626e-39	3.26881127390727e-36	ENSG00000149925.22	mORF
ENSG00000152558.15:O019	20.6486018991503	21820.6306711118	0.999244971492942	0.999997263596305	4.20826330826953e-08	0.782626573471064	0.565253170318843	0.183766520338244	4.22298033371628	-0.112356411440629	0.681613955654477	0.594504350846835	NA	ENSG00000152558.15	dORF
ENSG00000153443.13:O004	2.27578281847398	0.295497709940685	1.35447209004269e-14	2.50419839903242e-13	2.09609629434823	2.19288710004434e-12	2.17958729519444e-12	1.61484062678673e-13	268.812819425172	0.295036976488831	0.27619467133346	0.243854807948097	0.608155520429489	ENSG00000153443.13	mORF
ENSG00000153879.9:O001	-0.302830499179116	1.0646604902704	0.776074310400053	0.964029807450066	-0.0750301666032893	0.818737118899922	0.700050054913904	0.327978712401825	8.16296454765373	0.220556051742762	0.6851159998416	0.331292361781655	0.707572916292245	ENSG00000153879.9	uORF
ENSG00000153936.18:O001	-2.99067584824143	0.836803104634348	0.00035166277339771	0.00158847757700396	-2.04035377253838	0.020057858347253	0.0193770237939478	0.00212893191422609	5.48806483971431	0.29375221264555	0.725904932884976	0.19893505169563	NA	ENSG00000153936.18	uORF
ENSG00000154122.14:O001	-0.852162421554822	0.13180767153756	1.01167740851338e-10	1.24695122444672e-09	-0.852162408075196	1.58687264439905e-08	1.58181426343232e-08	9.50358573670986e-10	1185.23858679049	0.424346537873577	0.201662948760199	0.0279886915754626	0.133562672469061	ENSG00000154122.14	mORF
ENSG00000154429.11:O045	-21.3497182365316	21013.2107189598	0.999189338180848	0.999997263596305	-4.86195825026717e-08	0.782626572149451	0.565253170362288	0.188297240647126	91.1813439412143	0.19293594675031	0.441243338212393	0.569611748904758	0.866877000464915	ENSG00000154429.11	mORF
ENSG00000154582.18:O019	-1.55579551037089	0.321539565582396	1.30768833006556e-06	9.6260392679379e-06	-1.5409521821552	6.56587530497577e-05	6.499223359387e-05	3.57521658939088e-06	546.190719620947	-0.253388940172253	0.226679511002979	0.2442018651823	0.608610220531574	ENSG00000154582.18	mORF
ENSG00000155313.16:O001	-3.73026552888489	0.896286182047717	3.15591952504413e-05	0.000177940143433339	-2.41123274623787	0.00533996243815871	0.00517021976738764	0.000394565356136305	14.0772507726279	0.956490276598061	1.54251550089689	0.0280982315632913	0.134016158676194	ENSG00000155313.16	uORF
ENSG00000156976.17:O001	-0.268599699192327	0.557768197924399	0.630117469746579	0.832900483091869	-0.0539448299116258	0.862218770391185	0.798822264660224	0.381291378393929	2789.20300357657	-0.687252427604011	0.413293642555413	0.0436191726591941	0.18970103989334	ENSG00000156976.17	mORF
ENSG00000157734.14:O011	0.701987594168279	0.78342211783486	0.370224556071035	0.571511693352375	0.207799271774995	0.744683121613147	0.68502130599446	0.317198561068931	50.6128694023442	0.0301962052736543	0.581455357258392	0.911973594600128	0.981575754490417	ENSG00000157734.14	dORF
ENSG00000157933.11:O003	1.64527710646654	0.28798368201364	1.10942031117389e-08	1.0888754905966e-07	1.62979712598413	7.28021538550965e-07	7.22344060138303e-07	3.54724632856294e-08	495.338936442599	-1.92052173091432	0.291256244480037	5.15680539061935e-12	1.53272868186993e-10	ENSG00000157933.11	mORF
ENSG00000158773.14:O004	22.3748168094233	42761.6757921983	0.999582511215062	0.999997263596305	1.07348390491274e-08	0.782626581657174	0.565253169910021	0.170480915616752	6.24612030070371	-0.185535102235158	0.696557853262163	0.342357487276695	0.718436478093782	ENSG00000158773.14	dORF
ENSG00000159131.17:O007	0.0319251203745881	0.1116672718967	0.774958504482801	0.963690905255692	0.00142681953323998	0.972624799619788	0.955307309212976	0.428739929250014	1936.41103678895	0.114992048086925	0.219180444752436	0.578261344682513	0.870128147862985	NA	NA
ENSG00000159692.18:O006	-0.211092390149598	0.806764634410904	0.793588975801178	0.979379580937317	-0.0503518080497161	0.849541488293255	0.74992279270697	0.354176098224196	671.756036785286	-0.52992327076843	0.196078004088255	0.00411202356133339	0.0263747761238649	ENSG00000159692.18	mORF
ENSG00000160710.19:O004	-0.504503127108864	0.996647578013184	0.612716168300463	0.817297573488033	-0.131313916680859	0.791891125698421	0.695662590110201	0.324995609788693	26.1217211582332	0.000534994015300599	0.630236742247904	0.984424679003049	0.997108224213556	ENSG00000160710.19	dORF
ENSG00000160710.19:O013	19.4110624240431	18486.5690237206	0.99916221424586	0.999997263596305	5.41907412906917e-08	0.7826265699597	0.565253170536278	0.21376159470924	31.0411656283244	-0.253800307124714	0.706909203611459	0.304664663456705	0.681139848194127	ENSG00000160710.19	dORF
ENSG00000160741.17:O001	19.8292639555144	18253.8015013725	0.999133251205275	0.999997263596305	5.72999873331189e-08	0.782626569238414	0.565253170556225	0.216848238624406	16.7243663630049	-0.457896673235733	0.843511739810222	0.0774012195979781	0.292402566807397	ENSG00000160741.17	dORF
ENSG00000160741.17:O002	-19.8292639907293	18253.8018540509	0.999133251220482	0.999997263596305	-5.57087365113293e-08	0.782626569238163	0.565253170556099	0.216465376061844	202.661031169289	-1.3855764275194	0.337736151307374	7.58658194753433e-06	8.90362992540203e-05	ENSG00000160741.17	mORF
ENSG00000160886.13:O002	23.4022854764527	21448.24976757	0.999129424602633	0.999997263596305	4.8804503128393e-08	0.782626571457896	0.565253170338308	0.185137131056778	13.300697445942	-0.935829774260147	1.7543855246919	0.0130152563316882	0.0710999031752505	ENSG00000160886.13	dORF
ENSG00000161813.23:O013	19.3231835298898	20177.842142301	0.999235910988956	0.999997263596305	4.26235028271661e-08	0.782626572414925	0.565253170412512	0.197469980536699	13.0972109719461	-0.191086883486887	0.693342640017731	0.394334755753886	0.765289252526203	NA	NA
ENSG00000162222.14:O005	20.6984870998343	18195.1943548362	0.999092342768926	0.999997263596305	5.73087783334239e-08	0.782626568429848	0.565253170561156	0.217611447675745	6.00883789441988	-0.201981741622979	0.702300474875523	0.302495535534498	0.678548728617002	ENSG00000162222.14	dORF
ENSG00000163138.19:O038	-0.435396647398705	0.425119524726058	0.305752782287488	0.50325768513158	-0.0975770170051597	0.810139547705584	0.775875751788979	0.368051522780459	48.4908462520965	0.0508945703357437	0.506937047316663	0.875474614514926	0.973445210908109	NA	NA
ENSG00000163295.5:O003	1.7267087070568	0.339687395856249	3.71072529814498e-07	2.96485086635704e-06	1.681128184036	1.94418693913327e-05	1.92427524835007e-05	9.88866409044537e-07	334.033184987916	-0.918657862861235	0.440795916857907	0.0117988795243929	0.0655347570216277	ENSG00000163295.5	dORF
ENSG00000163428.4:O050	22.953697775721	66902.6411490353	0.99972625294914	0.999997263596305	6.00057316611424e-09	0.782626583529827	0.565253169824431	0.167013656168992	12.1958471115142	-0.231897863421466	0.706444907292897	0.292399070728152	0.66769785945062	ENSG00000163428.4	dORF
ENSG00000163479.14:O005	-2.96603111939768	1.08640274652527	0.00633075184210763	0.0214624636011751	-1.5461530834109	0.16109157159063	0.152340155443216	0.0173337001625767	1708.46092850276	1.51567550997082	0.174049227452779	3.97854957947824e-19	2.82125747051485e-17	ENSG00000163479.14	mORF
ENSG00000163536.13:O002	0.433184358930741	0.671286221858949	0.51872954973886	0.729893791333118	0.106088261986278	0.815917007557125	0.751153718236012	0.35506286408	114.187754925753	1.12862012328837	0.473975737118403	0.00357069535316113	0.023323787097337	ENSG00000163536.13	mORF
ENSG00000163694.15:O023	20.0500656221621	22749.9942087941	0.999296807041566	0.999997263596305	3.68344711432739e-08	0.782626574696069	0.565253170274686	0.180529663914343	6.2832680353646	-0.136870292055535	0.683475346704856	0.545754595529722	0.854143164104278	ENSG00000163694.15	dORF
ENSG00000164053.22:O001	0.550323585109828	0.270859087385288	0.0421768644170815	0.105111621352915	0.254157019335381	0.547907352336002	0.53816804035819	0.142594778148471	185.192047412673	0.335880573192827	0.296016831084359	0.203952731273064	0.551592117929133	ENSG00000164053.22	mORF
ENSG00000164167.12:O001	0.581078508500425	0.945715528969004	0.538929458952363	0.748382392781011	0.156266769856737	0.778816802567806	0.693415745063902	0.323500256001606	2.58173305572405	-0.0267903400624809	0.661798204456391	0.861200281104747	NA	ENSG00000164167.12	uORF
ENSG00000164168.8:O003	-1.15070276515823	0.457020554972356	0.0118078316501522	0.0362516849763802	-0.926101694531032	0.192277661282285	0.187436459934794	0.0249416437868544	11.6448812806315	0.477448926333977	0.769538266063198	0.156045629315859	0.471351956101252	ENSG00000164168.8	uORF
ENSG00000164252.13:O002	1.33278991026948	0.529700173203856	0.0118654324105227	0.0362516849763802	1.06503492594018	0.176463465959886	0.171331659386815	0.0217822950995782	149.1668891702	-0.316846879231702	0.329815362552598	0.271255783040389	0.642771525461274	ENSG00000164252.13	mORF
ENSG00000164307.13:O051	20.0530675261194	24082.6274702031	0.999335619373481	0.999997263596305	3.43585581512433e-08	0.782626575790688	0.565253170219894	0.176762481477764	4.20213857842033	-0.0729432140971901	0.676566549614974	0.87791832729892	NA	ENSG00000164307.13	mORF
ENSG00000164346.10:O002	1.22197362946213	0.45318744326146	0.00700939009967394	0.0236121403781389	1.05279796078716	0.130960861601561	0.127864308829554	0.0147128159330108	335.657669941623	0.109582145937786	0.274559037118762	0.66228810515679	0.901991633372873	ENSG00000164346.10	mORF
ENSG00000164855.16:O019	0.647817292213655	0.24760571846738	0.0088881638350109	0.0286076528292861	0.487942171493356	0.25013777409411	0.246790449148492	0.0394544699939108	189.00008913663	-0.0656541844351606	0.30260006387067	0.805913284977372	0.951960428221665	NA	NA
ENSG00000165209.19:O047	0.353371081480778	0.462263034227839	0.444606719152503	0.649746951702647	0.0704357919524388	0.844962988543557	0.800644326209597	0.382456476463523	45.9616989190781	-0.917898897175167	0.827074102947339	0.0482350459939703	0.204597448248821	ENSG00000165209.19	uORF
ENSG00000165272.16:O008	1.99845068078441	0.413220715633086	1.32292185806016e-06	9.69329840698455e-06	1.83768412847642	6.83916997635523e-05	6.75016679618589e-05	4.77101174915344e-06	78.8395816838924	-1.22619590568206	0.655170154761918	0.0112402885459073	0.0629629443251965	ENSG00000165272.16	dORF
ENSG00000165417.12:O025	24.2465038680264	167599.690364778	0.99988457072337	0.999997263596305	4.22037301315669e-08	0.782626584655103	0.565253169775113	0.163992876040312	8.98457890384985	-0.193475861539093	0.694416728130603	0.383548194624768	0.756185368876214	ENSG00000165417.12	dORF
ENSG00000165417.12:O046	0.034590282248146	0.492935358736099	0.944056724202219	0.999997263596305	0.00573379851539407	0.912469104698025	0.834212586667229	0.399616211545372	341.231673032235	-0.656379027684937	0.299033167909645	0.0149349896118946	0.0796324420856469	ENSG00000165417.12	mORF
ENSG00000165804.16:O004	1.02675661609292	1.23827451947781	0.407000664192544	0.612813500062637	0.26790274325143	0.714407208266058	0.626540945914704	0.27585221364007	1.72646928541372	-0.023703658936504	0.665816788078908	0.889358345659	NA	ENSG00000165804.16	mORF
ENSG00000165895.19:O002	4.05883029580684	1.53433091508382	0.00816083441822846	0.0266442027207048	1.35362813370541	0.268556272689029	0.24799534807613	0.0402282765914035	151.188784050016	-2.15370347800179	0.422303333231782	2.94873280750773e-08	5.16552553690721e-07	ENSG00000165895.19	mORF
ENSG00000166224.19:O007	-0.385212309756361	0.177074032665151	0.0295978463224731	0.0786966148039	-0.166213120466038	0.574901058142606	0.568515552965676	0.240059166016371	652.628308728877	1.66032573691162	0.248310716745224	3.04975880771995e-12	9.32726317476935e-11	NA	NA
ENSG00000166435.17:O006	-1.34151340248089	0.523722896741377	0.0104222843969082	0.0330108210977769	-1.09131382069317	0.16164839591002	0.157063936706662	0.0184845105551065	264.257866179184	-0.0237291679822138	0.463892286018273	0.93956671268368	0.986944549715101	ENSG00000166435.17	dORF
ENSG00000166681.14:O002	0.0478703829342583	0.13787825273673	0.728446227282664	0.922892032971662	0.00266258495672066	0.964637634593939	0.944379284360911	0.427099608428419	1524.03664269796	2.17247999784206	0.192896035450158	2.48295335087465e-30	5.88030202231179e-28	ENSG00000166681.14	mORF
ENSG00000166710.23:O002	-0.440001330697112	0.154907518591736	0.00450551597510951	0.0158490495584604	-0.34263509697351	0.223040479263192	0.221286225587866	0.0318847180489318	225.316994616947	2.44162563669706	0.411445252752577	2.61097334933255e-10	6.25566863755455e-09	ENSG00000166710.23	dORF
ENSG00000167110.19:O010	-0.316331444245775	0.230567569991407	0.170073242640765	0.324425811127215	-0.0607427376873264	0.824306493977675	0.807977553947713	0.387097626917598	630.586694909844	1.27617316881241	0.324756209715203	1.78521658339222e-05	0.00019444229561741	NA	NA
ENSG00000167536.14:O001	-1.25561007396496	1.43123739717464	0.380329211543232	0.583709890302837	-0.295831362667251	0.699693924125444	0.605672624670112	0.262786051949988	2.92493585674648	0.141782766058457	0.686962068178832	0.296801734365482	NA	ENSG00000167536.14	dORF
ENSG00000167625.12:O002	1.23354342539889	0.861662774016526	0.152262650556835	0.298149771411463	0.490248204433425	0.57714549179191	0.537638102111889	0.141537804102785	97.1566712688103	0.802380118918909	0.472474740857755	0.0319301233816834	0.148440720817452	ENSG00000167625.12	mORF
ENSG00000169136.13:O009	0.50500606379509	0.269863071419222	0.0612977110276471	0.142282278151765	0.194264627474101	0.62711212284862	0.615322188172669	0.269327864791784	90.9473141381377	1.82925349792838	0.478865562684484	1.49880272949353e-05	0.000165987010914684	ENSG00000169136.13	mORF
ENSG00000169184.7:O002	19.7930779097814	18407.5827556777	0.999142060723488	0.999997263596305	5.61274613030326e-08	0.782626569527378	0.565253170542924	0.214538371672408	10.4465829586819	-0.120639480331928	0.678222815390708	0.694026773536139	0.913850564840425	ENSG00000169184.7	dORF
ENSG00000169242.12:O002	2.25186468184933	0.87302351126857	0.00989761016594271	0.0314744003276978	1.40787862114335	0.165080873358332	0.157462860217816	0.0187758697787181	24.1165432288262	-0.819763277004246	1.10903002648531	0.063408042382549	0.252029061411863	ENSG00000169242.12	dORF
ENSG00000169564.7:O002	22.4692310399908	16656.4751979983	0.998923671011456	0.999997263596305	7.5771067296586e-08	0.782626563529425	0.565253170714966	0.228671099519186	56.1996829950817	-5.74854252085672	2.58161090398065	0.000111083781679089	0.00103427175255391	ENSG00000169564.7	dORF
ENSG00000169564.7:O005	0.95320746767634	0.708036767585026	0.178215999639597	0.335738672306824	0.365756676310415	0.631874434713869	0.594539075639695	0.253808138821158	56.3403068978378	-0.140797666474292	0.576976971086726	0.66556686117252	0.903190732268825	ENSG00000169564.7	dORF
ENSG00000169604.21:O001	-2.89057112487093	0.409079131575093	1.5940582187568e-12	2.34680793316973e-11	-2.57698805909374	4.94928431571395e-10	4.90458942933259e-10	2.64013783761703e-11	52.2970456844901	2.41167984083886	0.88857092329534	0.000416892649457736	0.0034272583298211	ENSG00000169604.21	uORF
ENSG00000169641.16:O037	-1.68328153358665	0.62729636198506	0.00728796858291858	0.0244469832211826	-1.33156051737451	0.119203461011566	0.11532223511122	0.0132901904543747	11.8197257030864	0.373985179612377	0.741368838575343	0.188546607352228	0.526615887187694	ENSG00000169641.16	uORF
ENSG00000169660.17:O005	0.599137777720739	0.6417863457234	0.350537567174473	0.553476705232452	0.167566394026331	0.765894896436789	0.715827533943413	0.338906254377915	9.6606687996535	-0.0993218208341243	0.637188264770945	0.683809638771729	0.909605192168623	ENSG00000169660.17	mORF
ENSG00000169764.16:O001	-0.866125231187092	0.940834701876594	0.357263296571674	0.557456959321847	-0.260963393266777	0.716184993390532	0.649312632596367	0.289414449253437	5.56399580127098	0.101458085944973	0.657818678591876	0.604828504629622	NA	ENSG00000169764.16	uORF
ENSG00000169895.6:O001	-0.878235093077443	0.464676837684034	0.0587591488194157	0.137190964203922	-0.461127581694817	0.488807101315872	0.473303957413749	0.113222582168995	1300.70486153644	0.697373325821197	0.143111623051048	6.36930402921665e-07	8.99862093152617e-06	ENSG00000169895.6	mORF
ENSG00000169908.12:O003	1.28523376076044	0.556249524624769	0.0208585764660003	0.0586993567804257	0.934087364313339	0.252445586412294	0.244223422379714	0.0386819226223256	79.705297735579	-0.29198613206525	0.548897318559318	0.416082626748558	0.781265127323921	ENSG00000169908.12	dORF
ENSG00000169908.12:O007	1.43461700910534	0.567962712667398	0.011540232864701	0.0357679732063831	1.13310716260135	0.168034333058819	0.162821528387074	0.0202474947458793	63.7757834814624	-0.228054669356378	0.581693207486519	0.501112731381647	0.832749366735569	ENSG00000169908.12	dORF
ENSG00000170004.19:O002	0.742862054591507	0.696002019592337	0.285824000802984	0.478883204717329	0.234894275881935	0.719879056416279	0.672342271917539	0.307384684795431	55.0985854702933	-0.705360103779642	0.818817117418384	0.1069330567206	0.368770818682214	ENSG00000170004.19	dORF
ENSG00000170315.14:O005	1.20172687658577	0.675858814047427	0.0753917283353567	0.16778615814231	0.622306316771489	0.467709468189209	0.445529366384634	0.103889325728143	30.3572316140133	-0.0827124706014666	0.598942595770823	0.780154833171849	0.944327852800152	ENSG00000170315.14	dORF
ENSG00000170325.16:O027	-1.44412895537469	1.18125235552099	0.22150326287345	0.39661057203692	-0.440050764237844	0.625198904375637	0.563120919682632	0.157294055889831	9.04267270020896	-0.000768351044754767	0.644413581529473	0.986512552956896	0.997613748597579	ENSG00000170325.16	uORF
ENSG00000170852.12:O019	-1.19479469336887	0.377866439902325	0.0015671660772496	0.00609240602158159	-1.14030733013797	0.0433851673471586	0.042632496738913	0.00429073032342289	53.9812152107747	0.684373842829621	0.648099404833545	0.0949842915747992	0.33990649479184	ENSG00000170852.12	uORF
ENSG00000172269.20:O005	0.15363617407629	0.407773300035975	0.706345579945431	0.904820896287411	0.0229998432402275	0.903167540062101	0.850296230285767	0.406038729594592	225.236256023137	1.2654431402504	0.344433037208032	4.8405530970275e-05	0.000483070902032937	ENSG00000172269.20	mORF
ENSG00000172270.22:O001	-1.77869230079837	0.528168982820956	0.000758096773220807	0.00318881976037323	-1.59453429838666	0.0197334309567166	0.019282873173234	0.00208167686798027	7839.81186849561	1.50198724035093	0.118331505363123	1.10292142874008e-37	5.43299095797363e-35	ENSG00000172270.22	mORF
ENSG00000172613.8:O006	0.0552049611813792	1.21032792816764	0.963619844503282	0.999997263596305	0.0129628957986153	0.837646939807785	0.685471072223235	0.318105266464086	7.58183207072582	-0.0604836059037095	0.651320883295288	0.772207830422859	0.941132202131598	ENSG00000172613.8	dORF
ENSG00000173039.20:O002	0.77106214370929	0.948136338607204	0.416080622456362	0.621190980621062	0.222204359110615	0.739423558398898	0.666122874445574	0.301150353486311	29.6607827589273	-0.134428833914882	0.622080683367984	0.638961489536713	0.89198685928335	ENSG00000173039.20	dORF
ENSG00000173039.20:O003	-0.771062144002178	0.94813660075638	0.416080751170711	0.621190980621062	-0.222204332677373	0.739423576569471	0.66612286478908	0.30083626353712	589.132529094064	0.658346040186412	0.20474404451047	0.000692305685671624	0.00541775758465116	ENSG00000173039.20	mORF
ENSG00000173402.13:O008	2.61078194031402	0.939321876643193	0.00544539357662899	0.0188221212757393	1.57856596623802	0.126252341870778	0.12036100385467	0.0139880273661567	50.2314834087002	-2.54644733411322	1.21695155298291	0.0048785293668198	0.0306005547465463	ENSG00000173402.13	dORF
ENSG00000173542.9:O024	18.9866536866336	19895.3539253465	0.999238558127931	0.999997263596305	4.50368379811249e-08	0.782626572286757	0.565253170430995	0.200009335127409	4.95699000066833	-0.124173135974113	0.682101095318626	0.580370991085876	NA	ENSG00000173542.9	dORF
ENSG00000173660.12:O001	0.192466681764351	0.375546926080978	0.608303202999768	0.815516098456688	0.0282786483517783	0.897760692425525	0.853072437074247	0.407212019246956	1051.99590836732	-0.152996932269714	0.225857027056878	0.455438056381147	0.807886131101637	ENSG00000173660.12	mORF
ENSG00000173726.11:O016	0.707662721819473	0.899118591168926	0.431245152762217	0.639030561875046	0.202450049801624	0.750973332213294	0.678981506330242	0.311086918886146	24.2614773675461	-0.0534286719377061	0.618203656714461	0.847686105715686	0.965019048336549	ENSG00000173726.11	dORF
ENSG00000173726.11:O032	-0.423620246451054	0.563549689522478	0.452231549293571	0.65606584249706	-0.0975669611047271	0.821246107597993	0.768971692848566	0.364222015041079	942.09426539111	-0.632735660163596	0.209251279129662	0.00141168728588623	0.010263819994061	ENSG00000173726.11	mORF
ENSG00000173744.18:O001	-0.424973812860808	0.450001061184925	0.344973442534559	0.546322483695168	-0.0936404907992528	0.817636087151936	0.77962261196896	0.369230734271651	1399.65598525345	-0.791088719887914	0.175746269040209	3.08939272380437e-06	3.88091173685659e-05	ENSG00000173744.18	mORF
ENSG00000175115.13:O005	-1.18746655816844	1.27832967199521	0.352930320534262	0.55393348422208	-0.311151848431048	0.692405080461466	0.608969894023209	0.265080723567494	4.25169385141735	-0.0442347857355703	0.66350570729242	0.774725496821308	NA	ENSG00000175115.13	dORF
ENSG00000176105.14:O017	-0.130433717218362	1.21348662378529	0.914402846942908	0.999997263596305	-0.0306481595047984	0.830138762602229	0.684290922116565	0.316895576929783	14.0378360498715	-0.0883363420224422	0.651477641673513	0.665193452722231	0.903086060045855	ENSG00000176105.14	dORF
ENSG00000176340.4:O002	3.74553032408604	0.664824783172988	1.76219214775841e-08	1.67777577858741e-07	2.87719404708386	9.10072316914582e-06	8.93641830170073e-06	4.05506306815875e-07	184.132439337	-4.03239441109401	0.585746262816693	3.22071803393782e-13	1.10997600525963e-11	ENSG00000176340.4	dORF
ENSG00000176788.9:O006	2.13793362659062	0.746755282500832	0.00419698004640123	0.0148955318611115	1.56212630024673	0.0869678301273238	0.0837869942432317	0.00940822540241239	182.131340289552	-1.28911577773753	0.875940172251651	0.0240067149750767	0.117817226986479	ENSG00000176788.9	dORF
ENSG00000177556.12:O003	0.464601545227747	0.4574481274765	0.309801964827304	0.508343781295577	0.109407681965744	0.800942484873873	0.764453840414309	0.361864370282542	34.0586766648133	0.263925985763965	0.590487740416692	0.427107757620728	0.789093169240275	ENSG00000177556.12	dORF
ENSG00000177917.12:O004	1.82625084835804	0.602349176970013	0.00243035231221067	0.00909237688568227	1.53258988353571	0.0522371144080546	0.0507563717182429	0.00564273260113324	221.747356745297	-0.964718309632273	0.359692770960181	0.00220452122460953	0.0152778159150627	ENSG00000177917.12	mORF
ENSG00000179029.15:O016	-3.48562275521477	0.465064836709887	6.63913368725844e-14	1.17291361808232e-12	-3.01547293597083	5.95455906804432e-11	5.89683918425781e-11	3.52638698116914e-12	151.523255024343	1.74950486421913	0.458858586072723	1.37703647979189e-05	0.000153236785379251	ENSG00000179029.15	mORF
ENSG00000179933.6:O001	-1.41678136538069	0.891174118860929	0.111881727950463	0.234068351896364	-0.604640241861885	0.518323416389976	0.483997641496033	0.11790593702711	324.830206092887	1.40957141151144	0.308986911664126	9.25380659596169e-07	1.27093637430411e-05	ENSG00000179933.6	mORF
ENSG00000180008.9:O004	2.03420296787011	0.22910669640641	0	0	1.96236599427591	1.02749052220797e-16	1.02749052220797e-16	7.42912140111664e-18	107.79578754907	-2.38687202989643	0.438412605952641	4.87113517835817e-09	9.63921206022723e-08	ENSG00000180008.9	mORF
ENSG00000181638.20:O002	-0.892414657829164	1.34152687661719	0.505907812352086	0.715016374790948	-0.212298949008897	0.740969533108571	0.636407327420373	0.280707778542893	3.47802033235559	0.0967331445662687	0.668125074452227	0.553147343048633	NA	ENSG00000181638.20	uORF
ENSG00000181904.9:O004	-0.362472910766351	0.451672505657584	0.422256459419408	0.629229400634358	-0.072639362690602	0.84189429379525	0.799578877984704	0.38216505635917	311.480965481913	1.12058056810179	0.256067045909495	2.99579112721694e-06	3.77488073652898e-05	ENSG00000181904.9	mORF
ENSG00000183048.12:O003	21.3797345700719	18672.8381772845	0.999086450798832	0.999997263596305	5.8270150843151e-08	0.782626568734312	0.565253170520974	0.211410480489727	20.7981588786107	-0.409749786870319	0.794506904558499	0.116120371764655	0.391030972383308	ENSG00000183048.12	dORF
ENSG00000183153.7:O011	-22.5825992892344	26203.4727608295	0.999312369575984	0.999997263596305	-3.06962583998472e-08	0.782626576210076	0.565253170149287	0.174851088175324	35.1429178179406	0.800438683732905	0.707574498215028	0.0652683814228249	0.257570182252661	ENSG00000183153.7	mORF
ENSG00000183431.12:O014	0.897300641470244	0.506409670916796	0.0764133401153055	0.169048884841787	0.439834695472226	0.525364519179743	0.506426769269213	0.127820989519647	624.243910632368	-0.415727481852554	0.268621533740387	0.0927166082731498	0.334089056144691	ENSG00000183431.12	mORF
ENSG00000183520.12:O001	-1.34001390519843	0.947654664357127	0.157352542723514	0.305482958400962	-0.507778994712158	0.57621902722755	0.532841540757943	0.138884439134043	975.194586265793	0.668932089655393	0.215407182533829	0.00107698611658897	0.00806103162021466	ENSG00000183520.12	mORF
ENSG00000183520.12:O002	1.25419378053121	0.996922577785086	0.208368112831197	0.379937269955967	0.430815918222507	0.621727389917405	0.569362731922673	0.240396221866838	11.5261868422977	-0.169923407799474	0.656170128243294	0.489272548064252	0.827610527094581	ENSG00000183520.12	dORF
ENSG00000183741.12:O020	0.440389243495248	0.164537828050561	0.00743905104993137	0.0247968368331046	0.31003346868014	0.298619809992876	0.29600126874242	0.0526952158047313	755.93021047663	0.971319273285464	0.180175924027983	2.29933788721187e-08	4.10977446749118e-07	ENSG00000183741.12	mORF
ENSG00000184785.6:O005	31.3015650808962	3123840.77434519	0.999992005022883	0.999997263596305	8.74971877489127e-07	0.782626584896171	0.565253169794666	0.16550897286806	8.7327359170127	-0.196763806785998	0.696618788700388	0.356353883356425	0.730807339472835	ENSG00000184785.6	dORF
ENSG00000185222.10:O008	2.03169845616836	0.940471307592742	0.0307495936121753	0.0814864230722646	1.06969410170322	0.306466671781745	0.289129138198293	0.0514307212433111	8.21891743933339	-0.0744551750488517	0.648533170695676	0.721432587208163	0.924370953112833	ENSG00000185222.10	dORF
ENSG00000187051.9:O002	1.52133039252582	0.423382040058408	0.000326540843257561	0.00149781764126869	1.46674523590283	0.0097424992434553	0.00957312603306385	0.000910326676638059	41.8510324191224	-0.369955633499714	0.568194425406367	0.311634818099768	0.688026822447447	ENSG00000187051.9	dORF
ENSG00000187051.9:O004	-0.186238889877712	0.268690493020782	0.488224589644672	0.694344452178021	-0.0224984456595579	0.908685567923863	0.879195770151235	0.416652945555863	334.969683093705	1.27952918440168	0.322775482047503	1.49877004558493e-05	0.000165987010914684	ENSG00000187051.9	mORF
ENSG00000187634.13:O002	0.0370845676938654	0.537427902228045	0.944986594431854	0.999997263596305	0.00659942716946064	0.906067546408904	0.821929778701042	0.393213446453835	80.3345091745486	0.122164227796151	0.372879202743382	0.693549197877843	0.913612462226232	ENSG00000187634.13	mORF
ENSG00000188493.15:O002	0.155021725887317	1.52993957787923	0.919292160839046	0.999997263596305	0.0313542672221493	0.814093829510401	0.650535888769364	0.28973487644023	1.61589728129173	0.0286198655801698	0.670925982090108	0.797018309377565	NA	ENSG00000188493.15	uORF
ENSG00000188917.15:O009	0.247000032438002	0.499561775929941	0.621000123512824	0.824887382109766	0.0456854447627069	0.872430040039848	0.814978709050527	0.389719175776225	126.806340825479	0.404285623590529	0.330922681884643	0.158997296452165	0.476857477248148	ENSG00000188917.15	mORF
ENSG00000189067.15:O023	0.208311762846088	0.311198385450731	0.503249443010083	0.71316097538862	0.0282026837640296	0.898679791087187	0.864613100102617	0.413386189576252	2615.5256203609	0.0928456615112408	0.147453982917128	0.518577606739947	0.841083409455575	ENSG00000189067.15	mORF
ENSG00000196498.15:O007	-1.01920219511735	0.566069852858302	0.0717835559836764	0.161665515600631	-0.530115174225437	0.488025886265149	0.468658154547168	0.110624032375106	13.6594702336446	0.0761440645007507	0.608400040131369	0.781257977396822	0.9445196496916	ENSG00000196498.15	uORF
ENSG00000196683.12:O002	0.536029522103562	0.287833445327982	0.0625621385139568	0.144794469049769	0.212266454595394	0.616389533267533	0.604002301801945	0.260807294802526	63.1574842331546	-0.00257190692042906	0.465394783562417	0.993710215411004	0.998811453101643	ENSG00000196683.12	dORF
ENSG00000196821.10:O021	2.23591826762196	0.259067453904167	0	0	2.08559959510818	1.17655888188707e-15	1.17655888188707e-15	6.61244989670582e-17	421.220280847892	-3.65329551946873	0.242789413974629	3.51770711127917e-52	7.64480524860052e-49	ENSG00000196821.10	mORF
ENSG00000196950.14:O003	0.44796478582635	0.365383923606834	0.22019445705512	0.39661057203692	0.106417271790444	0.788596569500735	0.762442082366208	0.360386883247013	21.3112887145313	-0.20635990309907	0.605774941057673	0.511632246878756	0.837542285612493	ENSG00000196950.14	uORF
ENSG00000197324.9:O003	11.512223560471	277.125503834032	0.96686416762875	0.999997263596305	0.00013965750284702	0.782587894834414	0.565256592512497	0.237702209613395	2.44155148879546	-0.0745236564537612	0.676965197206266	0.842714005231548	NA	ENSG00000197324.9	dORF
ENSG00000197448.14:O005	1.24073999210782	1.34087113350038	0.354797494760621	0.555249334101836	0.31282230706366	0.69165826134144	0.60500548332962	0.261468448124048	8.29720599202081	-0.0272474548728365	0.649339619051027	0.902151195138972	0.979429206711999	ENSG00000197448.14	dORF
ENSG00000197548.13:O001	-0.705353955296311	0.824166840307959	0.392086953303861	0.597143923135191	-0.206599644228193	0.746929459663232	0.682977394094864	0.314156378260958	15.7302753403742	-0.090849300133344	0.63162559733993	0.714820965854747	0.922132144729906	ENSG00000197548.13	uORF
ENSG00000197747.9:O001	1.58585804022133	0.332306146182902	1.82151853023171e-06	1.2929528852984e-05	1.56509414317151	8.81371526680055e-05	8.72010219307683e-05	6.99762643474894e-06	196.843218976099	-0.374890529463716	0.463875708585497	0.293183222446982	0.668579356416501	ENSG00000197747.9	dORF
ENSG00000197747.9:O003	-0.200698990216888	0.195411111816358	0.304392082834191	0.502057481023199	-0.0235870787112918	0.900362135946825	0.882475349348783	0.417846644332863	4958.99837443809	1.69881749025078	0.167977642107097	7.08699791288664e-25	8.84557898282422e-23	ENSG00000197747.9	mORF
ENSG00000198369.10:O011	3.29484578034581	0.596264863872713	3.27970692826085e-08	2.96291705450838e-07	2.61442950828236	8.95248330151419e-06	8.80461668001274e-06	3.58633163986838e-07	134.798009713655	-2.04846847263769	0.497042330102	3.69554823953831e-06	4.56628861905495e-05	ENSG00000198369.10	mORF
ENSG00000198435.4:O008	1.01943591700588	0.257521284603924	7.53754746896096e-05	0.000395534669163298	1.01555559016623	0.00384139836191666	0.00380385390506848	0.000278066211386857	62.8304620869678	0.00780164967914904	0.451472488707693	0.977535803359049	0.99626679022014	ENSG00000198435.4	mORF
ENSG00000198435.4:O009	-1.4537180547443	0.359177461838806	5.18000451530387e-05	0.00028206188970319	-1.43685071789095	0.00197287683561742	0.00194660982715205	0.000141061616801713	43.4336746567637	1.65533733226424	0.869675215551912	0.00487396444565621	0.0305875006700813	ENSG00000198435.4	uORF
ENSG00000198722.15:O001	-2.21183493651707	0.8488475816848	0.00916890004410575	0.0294516183234912	-1.42150358804382	0.155064467416927	0.148152743067758	0.017047062253276	6.49845546520774	0.0676340877581153	0.643951879741042	0.749111461153091	0.934366067937236	ENSG00000198722.15	uORF
ENSG00000198818.10:O007	0.0523939590124701	0.750285257465095	0.944327335742383	0.999997263596305	0.0118198438478701	0.877740714540109	0.768272717065163	0.363336709263273	387.68191407995	-0.752730812088776	0.215446918163009	0.000240293457862304	0.00209279627551222	ENSG00000198818.10	mORF
ENSG00000204843.13:O001	0.746422187330973	1.19874932939797	0.533503077329348	0.743463238549288	0.188786474698356	0.755491814398001	0.655406498109698	0.293562039008334	23.060187970969	-0.276763485327535	0.69313049780898	0.307918230753885	0.684676096814266	ENSG00000204843.13	dORF
ENSG00000213853.10:O028	19.9937201453874	17573.2588315329	0.999092218618737	0.999997263596305	5.91958171687185e-08	0.782626567859697	0.56525317061868	0.223230656559063	11.3766442210537	-0.130794831983524	0.677921639619142	0.659876546432151	0.901260224491824	ENSG00000213853.10	dORF
ENSG00000214063.12:O004	1.02780809408853	0.209668180227898	9.48320348470588e-07	7.14611068278785e-06	1.0277343213171	7.22380778188261e-05	7.17639516669861e-05	5.9840674324117e-06	877.727398287618	0.526802354950276	0.202849934253979	0.00644973105430505	0.0389539187474924	ENSG00000214063.12	mORF
ENSG00000230989.8:O002	1.69512880557683	0.939518019966098	0.0711915541519237	0.161012359318193	0.77704181172295	0.437847216726007	0.409792808895911	0.08892872492829	17.5843003808551	-0.0507596570358584	0.626615488776055	0.847750621493322	0.965043259983624	ENSG00000230989.8	dORF
ENSG00000270170.2:O001	-0.877442533766275	0.756977637256994	0.246399406041155	0.427702025770128	-0.300232480558634	0.681038389852968	0.634457956553184	0.279735967447995	71.7597119074811	2.14061965357369	0.786952214960899	0.000521897988200165	0.00419710952852744	ENSG00000270170.2	mORF
ENSG00000275052.5:O024	-2.50752298182244	47156.8008217282	0.999957573163632	0.999997263596305	2.53394726325669e-09	0.782626584637985	0.565253169884066	0.168507054345357	4.62667154391823	-0.00308441165508771	0.679372025123478	0.405974696593404	NA	ENSG00000275052.5	dORF
ENSG00000289746.1:O002	0.4533449688346	0.467443966722523	0.332127198066207	0.531804881902588	0.104813640885406	0.807133816288185	0.768724286842034	0.363927222850396	123.030018691205	0.430589395160889	0.490317519215631	0.230700131090387	0.589923611789477	ENSG00000289746.1	mORF
