,estimates,se,posterior,t.statistic,pval,empirical.pval,empirical.fdr
ENSG00000001629.10:O005,-3.57847056296422,0.278651749776934,11.7948718842823,-12.8420889724498,2.73385684611563e-08,0.000184300666868284,0.0241621805727168
ENSG00000004864.14:O013,-2.91808761129037,0.288433471264558,11.7948718842823,-10.117021434776,3.65973256665294e-07,0.000571351151450724,0.0428861214573135
ENSG00000004897.12:O031,-2.46229699019225,0.128494601185111,11.7948718842823,-19.1626493835724,2.98969726359558e-10,2.63486221870892e-05,0.0134754382042542
ENSG00000005436.14:O020,-1.12349270934256,0.0736718574096535,11.7948718842823,-15.2499577022385,4.00946416741473e-09,8.03507667747825e-05,0.0179501348092008
ENSG00000005810.20:O001,2.26042916927587,0.141085931220157,11.7948718842823,16.0216482942484,2.29630990511782e-09,0.000529793353589318,0.041961508978977
ENSG00000005810.20:O028,-2.12241225441102,0.139237186277936,11.7948718842823,-15.2431423755892,4.02970734017884e-09,8.05254076931197e-05,0.0179501348092008
ENSG00000005889.16:O002,-1.49799943743841,0.152054609845801,11.7948718842823,-9.85171997716826,4.85505925107447e-07,0.000646802329441343,0.0445298526807694
ENSG00000006125.18:O003,-1.89195017283286,0.064931097006964,11.7948718842823,-29.1378131595396,2.35115859772266e-12,3.35029078249441e-06,0.00945968941231158
ENSG00000006576.17:O003,-2.09168111399718,0.187757608174431,11.7948718842823,-11.1403267986561,1.29822048181945e-07,0.000363048241269693,0.0332407341111381
ENSG00000009307.17:O014,-2.2127023811046,0.0632836861197208,11.7948718842823,-34.9648150538921,2.80155098438031e-13,1.36310965902471e-06,0.00945968941231158
ENSG00000009307.17:O020,1.59435372147212,0.102930182197108,11.7948718842823,15.4896618993541,3.36296103122178e-09,0.00061214547666724,0.0428861214573135
ENSG00000009335.19:O002,-2.10150610228794,0.152169634961172,11.7948718842823,-13.8102854937134,1.21901870448003e-08,0.000129882541152,0.0220203687109863
ENSG00000009954.11:O013,-2.71968043408417,0.203355197347318,11.7948718842823,-13.3740394617951,1.74289323655689e-08,0.000151623756145882,0.0230229832000494
ENSG00000010810.18:O014,-2.30638609264537,0.141791464249976,11.7948718842823,-16.2660432688617,1.93463106752433e-09,5.87085314820241e-05,0.0159297895147934
ENSG00000011295.16:O029,-0.785607007102871,0.0821105086838829,11.7948718842823,-9.5676792129906,6.61570810955617e-07,0.000741022530002273,0.0476775882459366
ENSG00000011405.14:O033,-3.29477800490442,0.170688027317127,11.7948718842823,-19.3029239173462,2.75003082097081e-10,2.54230838459077e-05,0.0133596841358417
ENSG00000012983.12:O019,-3.4936773733428,0.124945703857052,11.7948718842823,-27.961564627623,3.79806155243715e-12,4.10519371728443e-06,0.00945968941231158
ENSG00000012983.12:O022,2.93156736140614,0.186327029182213,11.7948718842823,15.7334519541945,2.81938777080374e-09,0.000572608673453302,0.0428861214573135
ENSG00000013306.16:O003,-1.52535950102386,0.124395180555016,11.7948718842823,-12.2622073798851,4.55147007593938e-08,0.000229970007187483,0.0269049877689931
ENSG00000014824.14:O002,-2.34539393254332,0.200629852903292,11.7948718842823,-11.6901542746675,7.68425656865754e-08,0.00028883439601871,0.0300263469336677
ENSG00000018408.15:O036,-2.17431421257097,0.142715017662173,11.7948718842823,-15.2353567843707,4.05296770167105e-09,8.0725466600037e-05,0.0179501348092008
ENSG00000023041.12:O024,-1.54438217329214,0.102988001466362,11.7948718842823,-14.9957485464612,4.84479562252098e-09,8.71831552940902e-05,0.0180247445523638
ENSG00000023734.11:O002,-1.36044394142596,0.127627210941107,11.7948718842823,-10.6595132134771,2.09114720263501e-07,0.000447135469097775,0.0386653376659428
ENSG00000029363.17:O048,-2.62402171674507,0.179762646960501,11.7948718842823,-14.5971466325907,6.55736448851498e-09,9.93490316790484e-05,0.0190197611449729
ENSG00000029364.12:O003,-1.78894621714983,0.183732689293929,11.7948718842823,-9.73667899830242,5.49851167727711e-07,0.000683149347386336,0.0455383676040656
ENSG00000029725.17:O002,-1.03289987145721,0.05876879145434,11.7948718842823,-17.5756527554206,8.02671065205509e-10,4.02308829639293e-05,0.0151606906327228
ENSG00000032389.13:O004,-3.38942450599302,0.321630077034067,11.7948718842823,-10.5382697328832,2.36490061538829e-07,0.000471865176277888,0.0396810899858147
ENSG00000033800.14:O001,-1.32231374902938,0.110867178565314,11.7948718842823,-11.9270082105533,6.17010518537142e-08,0.000262512007769034,0.0289167073173274
ENSG00000034510.6:O003,-2.47657933255006,0.213136784881668,11.7948718842823,-11.619671066752,8.20885602898067e-08,0.000297265334501295,0.0303892220036182
ENSG00000035928.17:O012,-3.02143739613234,0.217873611758752,11.7948718842823,-13.8678446267184,1.16372989892325e-08,0.000127300406742563,0.0220203687109863
ENSG00000036549.13:O031,-1.39036084724144,0.136028440267856,11.7948718842823,-10.2211040904656,3.28097914532043e-07,0.000544628099734696,0.0423862738489177
ENSG00000038295.8:O003,-2.60083929970743,0.221575190453759,11.7948718842823,-11.7379535785628,7.34912040130259e-08,0.000283278349339852,0.029827543842255
ENSG00000038382.23:O003,-2.46341722596831,0.186683308889623,11.7948718842823,-13.1957015365783,2.02319656296224e-08,0.000161745248440582,0.0230229832000494
ENSG00000043143.22:O005,-2.03360807072755,0.125590309572509,11.7948718842823,-16.1923963532669,2.03666201049529e-09,6.00210365572216e-05,0.0160354709608099
ENSG00000047644.20:O003,-3.09412198269921,0.304227069443563,11.7948718842823,-10.1704361428403,3.4598012561257e-07,0.000557447766571957,0.0427134745129022
ENSG00000048828.18:O001,1.64020999590252,0.073944581496758,11.7948718842823,22.1816117246459,5.55960177840626e-11,0.000129488008161946,0.0220203687109863
ENSG00000048828.18:O003,-2.07730113706725,0.0589901164894104,11.7948718842823,-35.2143928625765,2.57801361258105e-13,1.31611328702604e-06,0.00945968941231158
ENSG00000048991.18:O004,-1.5844837680972,0.151666286391953,11.7948718842823,-10.4471719179725,2.5959172738133e-07,0.000491517047647213,0.0405444937920973
ENSG00000049130.16:O052,-2.14118271044238,0.100215449055517,11.7948718842823,-21.3657947015356,8.56384518897432e-11,1.5443248339246e-05,0.0120311731747647
ENSG00000050393.12:O031,-1.8944888228149,0.170477077957282,11.7948718842823,-11.1128654099152,1.33343000478544e-07,0.00036731456168315,0.0333627786575982
ENSG00000051382.10:O034,-3.15735415722505,0.302900751576635,11.7948718842823,-10.4237250676687,2.65923041392746e-07,0.000496731013099692,0.0406003887419383
ENSG00000054118.15:O001,-1.44066734391411,0.11234797595855,11.7948718842823,-12.823260335777,2.77859606740136e-08,0.000185603342388188,0.0241621805727168
ENSG00000055332.19:O071,-1.96152308804757,0.142942353049815,11.7948718842823,-13.7224765522363,1.30890282680556e-08,0.000133943104857852,0.0223030844367958
ENSG00000055483.20:O011,-1.30127853032187,0.0985565767677168,11.7948718842823,-13.2033657519253,2.010197782719e-08,0.000161294020364538,0.0230229832000494
ENSG00000055917.17:O030,-1.35157592305582,0.096722989866743,11.7948718842823,-13.9736780771346,1.06901013353094e-08,0.000122710630279482,0.0216405939113569
ENSG00000056586.16:O057,-2.12992678213,0.144214963683269,11.7948718842823,-14.7691108310219,5.74941994006358e-09,9.38668408063259e-05,0.0186690716714804
ENSG00000058262.11:O005,-0.559191003783997,0.0496231090921519,11.7948718842823,-11.2687619541444,1.14633572765033e-07,0.000343859187887558,0.0325554367174905
ENSG00000060237.19:O003,-1.93015514924825,0.0765906100229452,11.7948718842823,-25.2009371471256,1.27026123493257e-11,6.85269695280038e-06,0.00945968941231158
ENSG00000060339.14:O002,-2.03758889281346,0.157349954762992,11.7948718842823,-12.9494088249506,2.49325275532995e-08,0.000177080186869189,0.02370754223879
ENSG00000061676.16:O157,-3.26231902773162,0.121268275788261,11.7948718842823,-26.9016691012228,5.95211002141157e-12,4.96680267850392e-06,0.00945968941231158
ENSG00000062194.16:O012,-2.71777293354889,0.169144096707903,11.7948718842823,-16.0677965500755,2.22277803294995e-09,6.23224259742714e-05,0.016118498806591
ENSG00000062650.20:O017,-2.68003557083502,0.158751124883897,11.7948718842823,-16.8819942081989,1.26906621752204e-09,4.89756929706124e-05,0.0157382794429819
ENSG00000063978.17:O003,-1.26522107862095,0.125904569022498,11.7948718842823,-10.049048167544,3.93231820106532e-07,0.000589642141892002,0.0428861214573135
ENSG00000064115.11:O016,-2.30280553783045,0.191493166819678,11.7948718842823,-12.0255232919038,5.63803457812974e-08,0.000252409891906615,0.0284673060970542
ENSG00000064313.13:O010,-3.10199122414929,0.148262247767384,11.7948718842823,-20.9223269636122,1.09030128571595e-10,1.71198958588202e-05,0.0126300921073304
ENSG00000064419.14:O009,-2.27212904032513,0.152204801977329,11.7948718842823,-14.9281035210936,5.09752270810447e-09,8.91167537924133e-05,0.0180247445523638
ENSG00000064726.10:O020,-2.35709833043855,0.128782192408302,11.7948718842823,-18.3029834044555,5.05408899030823e-10,3.29921303643996e-05,0.0136998557848015
ENSG00000065243.20:O004,-2.56266795803576,0.22034015211448,11.7948718842823,-11.63050825482,8.12574479410333e-08,0.000295950190529691,0.0303582143867133
ENSG00000066027.12:O004,-3.45518681503762,0.170570633450144,11.7948718842823,-20.2566335432385,1.58131049132107e-10,2.00663254613986e-05,0.0129560746376006
ENSG00000066084.13:O002,-3.15271131899622,0.196311433640363,11.7948718842823,-16.0597437476408,2.23542363994614e-09,6.24747603666462e-05,0.016118498806591
ENSG00000066468.24:O013,-2.65966088359897,0.0928039758805407,11.7948718842823,-28.6589109826776,2.85151709481515e-12,3.63561337162051e-06,0.00945968941231158
ENSG00000067167.8:O013,-1.65770826059777,0.10626768061142,11.7948718842823,-15.599364275761,3.10550530223155e-09,7.19740549762265e-05,0.0171249549324934
ENSG00000067606.17:O002,-1.41956264797426,0.113337894532386,11.7948718842823,-12.525048694712,3.6033280065492e-08,0.00020777310142625,0.0257379828064352
ENSG00000068323.17:O009,-2.34133487461193,0.197163260878379,11.7948718842823,-11.8751072800332,6.47198865369886e-08,0.000268027282085153,0.0289890534702371
ENSG00000068650.19:O003,-2.43537322419531,0.184294045496892,11.7948718842823,-13.2146061346099,1.99129649822789e-08,0.000160634956918922,0.0230229832000494
ENSG00000068724.18:O001,1.52292082724721,0.0810795712059391,11.7948718842823,18.7830399766058,3.75926830860048e-10,0.000266997360705886,0.0289890534702371
ENSG00000068724.18:O004,-1.58846540975997,0.0820545388779822,11.7948718842823,-19.3586537866244,2.66065755058182e-10,2.50662199634224e-05,0.0133596841358417
ENSG00000068796.19:O001,-0.9516271482376,0.0401894324578097,11.7948718842823,-23.6785415976353,2.61420662425845e-11,9.31428927225164e-06,0.00945968941231158
ENSG00000068796.19:O025,1.02127246600133,0.0485917602804584,11.7948718842823,21.0174000716753,1.03486851038371e-10,0.000163830740015066,0.0230229832000494
ENSG00000069424.16:O007,-2.37320151051091,0.210267612274197,11.7948718842823,-11.2865765908644,1.12682811211066e-07,0.000341293731174066,0.0325554367174905
ENSG00000070018.9:O032,-1.04078766485466,0.108962367266067,11.7948718842823,-9.55180849102919,6.73252173909907e-07,0.000746749404381861,0.0476775882459366
ENSG00000070367.17:O076,-2.95424451501518,0.181637494449839,11.7948718842823,-16.26450818408,1.93670047288405e-09,5.87355367584561e-05,0.0159297895147934
ENSG00000070614.15:O007,-1.78172780374298,0.147798115908121,11.7948718842823,-12.0551455801412,5.48788900481369e-08,0.000249463183828569,0.028290306773323
ENSG00000070961.17:O031,-1.09816315279855,0.107169931175355,11.7948718842823,-10.2469334518999,3.19366970835938e-07,0.00053822739208437,0.0421485365551573
ENSG00000072364.13:O054,-1.74519745482278,0.118516052132837,11.7948718842823,-14.7254099627509,5.94400079131716e-09,9.52250341311651e-05,0.0188345647618548
ENSG00000072518.23:O003,-2.91294667248703,0.197024734959123,11.7948718842823,-14.7846749957125,5.68179103731117e-09,9.33887116154228e-05,0.0186690716714804
ENSG00000073417.15:O004,-3.55283152631246,0.212224177545399,11.7948718842823,-16.7409367179781,1.39594086355465e-09,5.10226148969747e-05,0.0157382794429819
ENSG00000074054.21:O024,-2.68219892132848,0.256675288660109,11.7948718842823,-10.4497746367796,2.58898989207727e-07,0.000490942279265168,0.0405444937920973
ENSG00000075413.19:O003,-3.71444703972027,0.299649260008409,11.7948718842823,-12.3959826886141,4.03910851885309e-08,0.000218337871105182,0.0264070803566402
ENSG00000075624.17:O008,-0.978469552875031,0.0741957683074652,11.7948718842823,-13.1876733026105,2.03691010015965e-08,0.000162219522103545,0.0230229832000494
ENSG00000075975.17:O026,-1.91155630729591,0.0793617061720933,11.7948718842823,-24.0866332075922,2.14513065959127e-11,8.56264442260493e-06,0.00945968941231158
ENSG00000076685.19:O040,-1.66741935785072,0.147394117422886,11.7948718842823,-11.3126587885916,1.09890972843336e-07,0.000337578552617159,0.0325554367174905
ENSG00000077097.17:O008,-1.7481180052997,0.146961901966265,11.7948718842823,-11.8950420613159,6.35419423083644e-08,0.000265892758810938,0.0289890534702371
ENSG00000077147.16:O041,-2.60149098156878,0.0993240839630752,11.7948718842823,-26.191945374859,8.11960317668075e-12,5.66647881993168e-06,0.00945968941231158
ENSG00000077232.19:O006,-2.18828955577221,0.162466002937628,11.7948718842823,-13.4692151970546,1.61071201625479e-08,0.000146531532751259,0.0230229832000494
ENSG00000077721.17:O016,-0.93787816854254,0.0747436435781106,11.7948718842823,-12.5479321537545,3.53150130779922e-08,0.000205964060502649,0.025662511759975
ENSG00000078061.14:O003,-2.51251044817217,0.240826075777272,11.7948718842823,-10.4328837318093,2.6343037727144e-07,0.000494686603205202,0.0406003887419383
ENSG00000078140.14:O002,-2.63407047763507,0.130674997053751,11.7948718842823,-20.1574175398803,1.67306642773406e-10,2.05558715285295e-05,0.0129560746376006
ENSG00000078369.19:O019,-1.48404681941749,0.0749292169242035,11.7948718842823,-19.8059833044661,2.04743173619136e-10,2.24090527170645e-05,0.0133596841358417
ENSG00000078403.17:O007,-3.36966025330995,0.336034053811553,11.7948718842823,-10.0277344366998,4.02222743335675e-07,0.000595519620384049,0.0428861214573135
ENSG00000079246.16:O002,-1.73406249056752,0.164317708925546,11.7948718842823,-10.5531077685196,2.32941625379557e-07,0.000468753171119647,0.0396810899858147
ENSG00000079387.15:O042,-2.02432409668847,0.167154448355901,11.7948718842823,-12.1105008966218,5.21874336116573e-08,0.000244065576195756,0.0280049603455386
ENSG00000079805.19:O002,-2.69153941249947,0.241389488635902,11.7948718842823,-11.1501931078665,1.28581612980643e-07,0.000361529821443083,0.0331865836093907
ENSG00000082641.16:O004,-1.15160007235968,0.115374105721359,11.7948718842823,-9.98144310770147,4.22521073719697e-07,0.000608525457708318,0.0428861214573135
ENSG00000082701.17:O046,-3.22038049309522,0.156709041795514,11.7948718842823,-20.5500617973111,1.34039029880452e-10,1.86981810527517e-05,0.0126300921073304
ENSG00000082898.19:O012,-1.37405979180611,0.0892060901242957,11.7948718842823,-15.4032061027623,3.58211629322815e-09,7.6540722203523e-05,0.0176111212491695
ENSG00000083168.11:O023,-2.8685854769796,0.172875110485788,11.7948718842823,-16.5933977940417,1.54346889353558e-09,5.32740942688964e-05,0.0157382794429819
ENSG00000084090.14:O017,-1.24275424756734,0.122694074687319,11.7948718842823,-10.1288856102827,3.61427471174565e-07,0.000568227870538277,0.0428861214573135
ENSG00000084234.18:O002,-1.35001934377963,0.109077784413133,11.7948718842823,-12.3766663490929,4.10908005766202e-08,0.000219973475190016,0.0264081966760312
ENSG00000084463.8:O019,-2.20729556658336,0.132189843060532,11.7948718842823,-16.6979210768304,1.43731168080159e-09,5.16670839174537e-05,0.0157382794429819
ENSG00000084733.11:O002,-1.64003865955824,0.123015043326362,11.7948718842823,-13.3320170867816,1.80494106434033e-08,0.000153939073732184,0.0230229832000494
ENSG00000087338.5:O003,-4.11237883141023,0.408524998523759,11.7948718842823,-10.0664068203187,3.86069029351972e-07,0.000584905993166016,0.0428861214573135
ENSG00000089057.15:O040,-2.63145439015827,0.257944878022724,11.7948718842823,-10.2016152068212,3.34855555949309e-07,0.000549517304141064,0.0425816439139612
ENSG00000089693.11:O006,-1.24361847311933,0.130187623521054,11.7948718842823,-9.55250921312198,6.72731768350249e-07,0.000746495451137674,0.0476775882459366
ENSG00000089876.12:O005,-0.805468010839368,0.0823163138279227,11.7948718842823,-9.78503498739205,5.21751746310341e-07,0.000667584516954294,0.0449657120670133
ENSG00000089902.10:O002,-2.39786707818199,0.170682924663645,11.7948718842823,-14.0486641115819,1.00695253618769e-08,0.000119577879925841,0.0211925153531936
ENSG00000090060.19:O003,-3.75852921050052,0.11033774144662,11.7948718842823,-34.0638584877944,3.80106407051519e-13,1.55045064823082e-06,0.00945968941231158
ENSG00000091039.17:O050,-2.7507103659694,0.163615770539273,11.7948718842823,-16.8120124172819,1.33037785663041e-09,4.99786860089149e-05,0.0157382794429819
ENSG00000091542.9:O004,-1.88707459688411,0.104333502077092,11.7948718842823,-18.0869477139734,5.78792508535719e-10,3.49662209070151e-05,0.0139159228678128
ENSG00000092140.16:O014,-1.88369263106271,0.184947224321604,11.7948718842823,-10.1850278530656,3.40725139636803e-07,0.000553719581017308,0.0427134745129022
ENSG00000092199.19:O027,-0.672808828642182,0.0706636620362615,11.7948718842823,-9.52128447994849,6.963467856754e-07,0.000757911539903261,0.0481940197664951
ENSG00000093167.18:O011,-1.66211815635215,0.117219455211678,11.7948718842823,-14.1795417266754,9.07764549203853e-09,0.000114335605184145,0.020900341067006
ENSG00000095787.26:O004,-3.22240718967024,0.13701825687172,11.7948718842823,-23.5180862991649,2.82813174503161e-11,9.63136602787329e-06,0.00945968941231158
ENSG00000097007.20:O011,-2.3231753767988,0.17279555148736,11.7948718842823,-13.4446480641531,1.64376145398546e-08,0.000147826178069348,0.0230229832000494
ENSG00000099219.15:O001,-1.62005147505654,0.101670870990312,11.7948718842823,-15.9342735955405,2.44283750130438e-09,6.49067667155146e-05,0.0163638186508128
ENSG00000099219.15:O020,1.61820551773487,0.102157550071082,11.7948718842823,15.8402929260628,2.61180689217959e-09,0.000556262461838419,0.0427134745129022
ENSG00000099942.13:O002,-1.74804226879743,0.169682480331048,11.7948718842823,-10.3018429798234,3.0162579574025e-07,0.000524913983529605,0.0418201108842755
ENSG00000100014.20:O002,-1.71007500793916,0.148924978892716,11.7948718842823,-11.482795033136,9.341257646219e-08,0.000314488603576797,0.0312557511451445
ENSG00000100221.11:O016,-2.26658712940159,0.131363949169574,11.7948718842823,-17.2542554005872,9.90358063899731e-10,4.40278789859578e-05,0.0157382794429819
ENSG00000100226.16:O001,-1.60465000122228,0.0831857469028577,11.7948718842823,-19.2899632565198,2.77127802900828e-10,2.55069474684847e-05,0.0133596841358417
ENSG00000100226.16:O018,1.50137717216735,0.0904079682229701,11.7948718842823,16.6066907782349,1.52950940583246e-09,0.000454230847136133,0.0389963173320709
ENSG00000100403.12:O002,-2.45048168152933,0.14767024205293,11.7948718842823,-16.5942822837048,1.5425357900611e-09,5.3260246804542e-05,0.0157382794429819
ENSG00000100413.17:O001,-1.99840415669023,0.197236697168949,11.7948718842823,-10.1320098408382,3.60240546536257e-07,0.000567408771963479,0.0428861214573135
ENSG00000100490.10:O001,1.5954782120707,0.103134652334675,11.7948718842823,15.4698559209113,3.41185505506825e-09,0.000615500929286218,0.0430122481049588
ENSG00000100490.10:O035,-1.71210028706963,0.103915690929817,11.7948718842823,-16.4758591484124,1.67307049606038e-09,5.51531942495429e-05,0.0157382794429819
ENSG00000100603.14:O004,-0.484407733531074,0.0476962638726683,11.7948718842823,-10.1560938782179,3.51230352347308e-07,0.00056114121527088,0.0428333806112953
ENSG00000100796.18:O013,-3.1642564601591,0.201522349234799,11.7948718842823,-15.7017644552781,2.88433209859923e-09,6.97196937739416e-05,0.0171249549324934
ENSG00000100852.14:O002,-2.72236618415132,0.280219644996631,11.7948718842823,-9.71511538451934,5.62902473433284e-07,0.000690228354804479,0.0456750001885404
ENSG00000100934.15:O021,-1.48525315568092,0.0915966895743511,11.7948718842823,-16.2151401167758,2.00454521404571e-09,5.96119959115108e-05,0.0160354709608099
ENSG00000101220.18:O002,-1.5836734982819,0.16175751985303,11.7948718842823,-9.79041654274128,5.18721361990455e-07,0.000665878364466747,0.0449657120670133
ENSG00000101849.18:O004,-1.59863411424426,0.165430118386736,11.7948718842823,-9.66350099869386,5.95514362631152e-07,0.000707527775831544,0.0463062054383351
ENSG00000101972.20:O003,-0.899825233011557,0.092405802395048,11.7948718842823,-9.73775682575295,5.49207411937254e-07,0.000682797771238534,0.0455383676040656
ENSG00000102054.18:O005,-1.09194645251888,0.0956651469702747,11.7948718842823,-11.4142557357715,9.97061462418168e-08,0.000323557423364794,0.0318873617065582
ENSG00000102531.16:O004,-2.47294035026951,0.136754880493241,11.7948718842823,-18.0830135008727,5.80231434181139e-10,3.50034625111296e-05,0.0139159228678128
ENSG00000102572.15:O067,-1.32197236741038,0.0566885186253816,11.7948718842823,-23.3199314334963,3.11885968043402e-11,1.00410111080402e-05,0.00945968941231158
ENSG00000102710.21:O006,-0.93447852324853,0.0978311549925918,11.7948718842823,-9.55195227245648,6.73145356425355e-07,0.000746697287298249,0.0476775882459366
ENSG00000102858.13:O003,-1.8770211901483,0.137710631377308,11.7948718842823,-13.630183605836,1.4111483636597e-08,0.000138375315146086,0.0225174376464995
ENSG00000103037.12:O027,-1.62546639259435,0.0962758207827167,11.7948718842823,-16.8834332377476,1.26783798847643e-09,4.89553225132236e-05,0.0157382794429819
ENSG00000103148.17:O007,-1.21909524977266,0.127621122616226,11.7948718842823,-9.55245671548155,6.72770741807087e-07,0.000746514473611944,0.0476775882459366
ENSG00000103194.16:O002,-3.55020942358956,0.25107373559826,11.7948718842823,-14.1401067504337,9.36491110399691e-09,0.000115885771120963,0.0210469124163953
ENSG00000103335.22:O003,-2.34347739823431,0.20310365744718,11.7948718842823,-11.5383318434025,8.8626915063613e-08,0.000307361062661525,0.030822201801912
ENSG00000103653.17:O002,-2.34490563397541,0.23382105943366,11.7948718842823,-10.0286331763915,4.01839188348995e-07,0.000595270387607899,0.0428861214573135
ENSG00000103978.17:O016,-1.46149263331947,0.141965621342303,11.7948718842823,-10.2946940216995,3.03874327253442e-07,0.000526625058086019,0.0418201108842755
ENSG00000104093.14:O017,-4.01216590451452,0.418777721348304,11.7948718842823,-9.58065747049982,6.52180299665457e-07,0.000736377929452755,0.047605302060582
ENSG00000104129.10:O013,-1.58777596210882,0.0865381336615101,11.7948718842823,-18.3477028557068,4.91514196223582e-10,3.26003311738153e-05,0.0136998557848015
ENSG00000104331.9:O055,-1.56349689390206,0.116264603999231,11.7948718842823,-13.4477462625891,1.63955348425446e-08,0.000147662159149455,0.0230229832000494
ENSG00000104517.13:O021,-3.36120409456288,0.335037851875293,11.7948718842823,-10.0323115007733,4.00273486102435e-07,0.000594251623714466,0.0428861214573135
ENSG00000104613.12:O002,-2.65692558920404,0.216979166421494,11.7948718842823,-12.2450723404606,4.62200609350253e-08,0.000231512636244214,0.0269972390147976
ENSG00000104885.19:O002,-1.17870402138635,0.11228857881538,11.7948718842823,-10.4970962659018,2.46644798942469e-07,0.000480629651552043,0.0401084884045761
ENSG00000105221.18:O024,-2.20329296002513,0.150181064186694,11.7948718842823,-14.6709105569139,6.19669270270596e-09,9.6951864412299e-05,0.0189665395954115
ENSG00000105647.20:O006,-1.75262633959841,0.174814215154708,11.7948718842823,-10.0256511637075,4.03113336760399e-07,0.000596097815460515,0.0428861214573135
ENSG00000105738.11:O004,-3.09784563682919,0.270814008721736,11.7948718842823,-11.4390154757919,9.73814002952257e-08,0.000320245925727698,0.0316707296714132
ENSG00000105810.10:O100,-2.01351406834436,0.132687426460978,11.7948718842823,-15.1748671449024,4.23870912689393e-09,8.23002074913857e-05,0.0180247445523638
ENSG00000105855.10:O005,-2.56540914673824,0.170930495239307,11.7948718842823,-15.0084930318994,4.79871504806162e-09,8.68244924335403e-05,0.0180247445523638
ENSG00000105976.16:O003,-2.13071402465813,0.185642489208776,11.7948718842823,-11.4775126844044,9.38820612493867e-08,0.000315176708474781,0.0312557511451445
ENSG00000105983.23:O056,-3.76287934066303,0.289293177841792,11.7948718842823,-13.007148556821,2.37334536113847e-08,0.000173334996692639,0.02370754223879
ENSG00000106078.19:O015,-3.49081739100999,0.188212117727595,11.7948718842823,-18.5472510120861,4.3435790750143e-10,3.09185115394136e-05,0.0136998557848015
ENSG00000106244.13:O016,-0.968774731425611,0.095881915924323,11.7948718842823,-10.1038315941688,3.71099289601672e-07,0.000574847303759134,0.0428861214573135
ENSG00000106299.8:O031,-2.36808284309953,0.18220969183987,11.7948718842823,-12.9964702710801,2.39504295497316e-08,0.000174020459898217,0.02370754223879
ENSG00000106399.11:O006,1.57157220471542,0.103246925239564,11.7948718842823,15.221491594727,4.09475170350138e-09,0.000659534373193035,0.044888461141275
ENSG00000106399.11:O009,-1.57771717871725,0.127635127685618,11.7948718842823,-12.3611517246519,4.16622726771233e-08,0.000221297737508641,0.0264081966760312
ENSG00000106484.16:O005,-2.01799543131881,0.208918316588981,11.7948718842823,-9.65925565678836,5.98285724451825e-07,0.000708973351645585,0.0463161423155327
ENSG00000106609.16:O010,-2.22538307206952,0.147315148525921,11.7948718842823,-15.10627450291,4.4605306555657e-09,8.41305180193003e-05,0.0180247445523638
ENSG00000106723.17:O002,-1.49733872800761,0.147277053280508,11.7948718842823,-10.166816178456,3.47297258613905e-07,0.000558377264582073,0.0427134745129022
ENSG00000106780.9:O047,-2.85241327631163,0.132543844363191,11.7948718842823,-21.5205262078832,7.88067251947961e-11,1.49050836870578e-05,0.0120311731747647
ENSG00000107290.14:O026,-2.48620824224912,0.196838969776248,11.7948718842823,-12.6306708731267,3.284415419341e-08,0.000199577773619159,0.0252160227669103
ENSG00000107371.14:O043,1.84636026112486,0.121053094888942,11.7948718842823,15.2524829110629,4.0019916143943e-09,0.000653835632287228,0.044652919011415
ENSG00000107371.14:O044,-2.20114089780005,0.140882188890786,11.7948718842823,-15.6239828123795,3.05070714834547e-09,7.14242142647992e-05,0.0171249549324934
ENSG00000107854.7:O002,-2.89964933824223,0.175985799865426,11.7948718842823,-16.4766097063488,1.6722065049364e-09,5.51409458925481e-05,0.0157382794429819
ENSG00000107929.16:O035,-2.41633657329476,0.131475256459776,11.7948718842823,-18.3786412619322,4.8214352773861e-10,3.23325303694332e-05,0.0136998557848015
ENSG00000108021.22:O002,-3.04784457413862,0.177941324265022,11.7948718842823,-17.1283685042111,1.07638307646204e-09,4.5631094199311e-05,0.0157382794429819
ENSG00000108424.11:O003,-2.01959440211473,0.174664181351558,11.7948718842823,-11.5627278958229,8.66088309312882e-08,0.00030429086384637,0.0307240535919869
ENSG00000108474.17:O002,-0.990958867532346,0.0900131076113998,11.7948718842823,-11.0090507241508,1.47612699000179e-07,0.000383989940620511,0.0343670996855357
ENSG00000108510.10:O040,-2.35435467856692,0.21338932464083,11.7948718842823,-11.0331418056161,1.44160591081885e-07,0.000380041561431834,0.034184642962964
ENSG00000108599.15:O018,-3.39121853938824,0.28618901050092,11.7948718842823,-11.8495763811914,6.62630133678291e-08,0.000270790842307072,0.0291120485122918
ENSG00000108654.16:O025,-1.24630987522968,0.118100236572041,11.7948718842823,-10.5529837314884,2.32971049464737e-07,0.000468779084595329,0.0396810899858147
ENSG00000108788.12:O011,-1.73402594988372,0.168375249829507,11.7948718842823,-10.2985798188246,3.02649914668866e-07,0.000525694189936463,0.0418201108842755
ENSG00000108840.17:O010,-1.43951208826164,0.138036881436524,11.7948718842823,-10.4284599396981,2.6463122200519e-07,0.000495672840990167,0.0406003887419383
ENSG00000109572.16:O004,-2.65010563668981,0.279548474003371,11.7948718842823,-9.47995028818458,7.28987421512077e-07,0.000773342585490726,0.048828332558321
ENSG00000110075.15:O008,-1.3317193970213,0.123117180430739,11.7948718842823,-10.8166820614485,1.78594452718907e-07,0.000417327166982958,0.0366184131813478
ENSG00000110172.12:O021,-2.33624259603897,0.248111112447355,11.7948718842823,-9.4161143086031,7.8267082796792e-07,0.00079790962032925,0.0497650947870857
ENSG00000110422.12:O007,-2.23925348174325,0.118115035743772,11.7948718842823,-18.9582424256374,3.38032821007386e-10,2.77706771425686e-05,0.0136998557848015
ENSG00000110768.12:O003,-2.67405686739566,0.270597171748717,11.7948718842823,-9.88205771004457,4.69920958550565e-07,0.000637601424988917,0.0439809846138791
ENSG00000110917.9:O002,-1.55025261837256,0.133278787570541,11.7948718842823,-11.6316530682127,8.11701825001074e-08,0.000295811666197063,0.0303582143867133
ENSG00000111371.16:O055,-1.72000729555185,0.0610904760667737,11.7948718842823,-28.1550808946361,3.5052295302741e-12,3.96792618179932e-06,0.00945968941231158
ENSG00000111731.13:O012,-2.5759957672611,0.209237141584612,11.7948718842823,-12.311369519543,4.35546207932361e-08,0.000225611462253528,0.0265687182522247
ENSG00000111962.8:O002,-3.11081391235484,0.299498404508186,11.7948718842823,-10.3867461913969,2.7624864033792e-07,0.000505087960501037,0.0410026054102883
ENSG00000112078.14:O007,-1.64941547477306,0.119270668742219,11.7948718842823,-13.8291793964697,1.20056354342103e-08,0.000129028120970763,0.0220203687109863
ENSG00000112175.8:O021,-2.35049092394755,0.234349513791653,11.7948718842823,-10.0298519331994,4.01319688142822e-07,0.00059493260689214,0.0428861214573135
ENSG00000112308.14:O010,-2.75676404835437,0.127104878581847,11.7948718842823,-21.6888925044621,7.20371380100184e-11,1.43448389784135e-05,0.0120311731747647
ENSG00000112851.16:O005,-2.38861768774028,0.141161375605678,11.7948718842823,-16.921184548475,1.23607170595266e-09,4.84245298668491e-05,0.0157382794429819
ENSG00000112941.14:O002,-2.68868698446297,0.16819099281813,11.7948718842823,-15.9859154132607,2.35505238791103e-09,6.38923197822642e-05,0.0163381789157504
ENSG00000113300.13:O003,-2.82600907926452,0.169842766476621,11.7948718842823,-16.638972255869,1.49617448662015e-09,5.25661566522323e-05,0.0157382794429819
ENSG00000113360.17:O011,-3.24816972248748,0.178211648766056,11.7948718842823,-18.2264725396905,5.30177089796605e-10,3.36756231581714e-05,0.0136998557848015
ENSG00000113384.14:O014,-2.06341610615957,0.18546995879311,11.7948718842823,-11.1253386779542,1.31731156009843e-07,0.000365369416207854,0.0333554829061089
ENSG00000113389.16:O007,-1.25097604127457,0.0928783445150496,11.7948718842823,-13.4689743643296,1.61103249723068e-08,0.000146544158457136,0.0230229832000494
ENSG00000113456.20:O035,-0.701825460789785,0.0678208668566203,11.7948718842823,-10.3482230959022,2.87466035331496e-07,0.000513971645944455,0.0414418579387646
ENSG00000113569.17:O032,-1.75424006663384,0.17945832287311,11.7948718842823,-9.77519481152296,5.27342146800671e-07,0.000670717604575002,0.0449657120670133
ENSG00000113645.15:O004,-3.24458724079291,0.202104143026433,11.7948718842823,-16.0540362617334,2.24443340567986e-09,6.25829981596689e-05,0.016118498806591
ENSG00000113712.19:O034,-2.78210909164649,0.10000264352866,11.7948718842823,-27.8203554773944,4.02844249049258e-12,4.20896876209896e-06,0.00945968941231158
ENSG00000113742.14:O009,-2.48085813567071,0.262374987443996,11.7948718842823,-9.45539115537928,7.49157035201969e-07,0.000782686852390172,0.0491476311169308
ENSG00000114062.22:O041,-1.61601585320047,0.144827675290761,11.7948718842823,-11.1581978372303,1.27584606534938e-07,0.000360303434800898,0.0331590307605968
ENSG00000114346.14:O003,-1.88684478438366,0.113567028773454,11.7948718842823,-16.6143713079575,1.52150605945913e-09,5.29468917120258e-05,0.0157382794429819
ENSG00000114354.15:O002,-1.35890342466281,0.105231729863767,11.7948718842823,-12.9134380516414,2.57124752742639e-08,0.000179462121416539,0.02370754223879
ENSG00000114439.19:O010,-1.25193052396503,0.0670364915351074,11.7948718842823,-18.6753586784802,4.01481387246371e-10,2.98934888680318e-05,0.0136998557848015
ENSG00000114450.11:O045,-1.13756181484945,0.100706071610014,11.7948718842823,-11.2958612788976,1.11680314088112e-07,0.000339965670253366,0.0325554367174905
ENSG00000114867.22:O005,-1.32250204788768,0.132022917069335,11.7948718842823,-10.0172157777209,4.06741185173526e-07,0.000598445788108171,0.0428861214573135
ENSG00000115084.15:O079,-2.51641592478775,0.178230662013918,11.7948718842823,-14.1188721197212,9.52365052550452e-09,0.00011673087686476,0.0210469124163953
ENSG00000115091.12:O002,-1.99585034790376,0.154473774272766,11.7948718842823,-12.9203183990283,2.556127705916e-08,0.00017900357662491,0.02370754223879
ENSG00000115233.12:O002,-2.89484105780249,0.143714766142166,11.7948718842823,-20.1429618925786,1.68690941038833e-10,2.06283869928278e-05,0.0129560746376006
ENSG00000115234.11:O003,-1.83972194108491,0.157033532798305,11.7948718842823,-11.7154719014559,7.50474076631055e-08,0.000285875578884769,0.0299249874972945
ENSG00000115514.12:O009,-1.01717026473845,0.0762644961135513,11.7948718842823,-13.3374022851206,1.79685802149126e-08,0.000153640021620731,0.0230229832000494
ENSG00000115641.19:O031,-1.11827343571232,0.0635583949164926,11.7948718842823,-17.594425365549,7.92967957558498e-10,4.00214790735899e-05,0.0151606906327228
ENSG00000115816.15:O004,-1.17149654496746,0.0847536524071804,11.7948718842823,-13.822372389797,1.20717747262353e-08,0.000129335172696434,0.0220203687109863
ENSG00000115919.15:O003,-1.07963881339283,0.113972280310334,11.7948718842823,-9.47281927195887,7.34783078062674e-07,0.000776042154846342,0.0489125160977096
ENSG00000115935.19:O021,-1.21076957731617,0.107458160963124,11.7948718842823,-11.2673580718701,1.14788842108524e-07,0.000344062330333212,0.0325554367174905
ENSG00000115966.18:O034,-2.88026575151852,0.167824953628986,11.7948718842823,-17.1623211521093,1.05241258759123e-09,4.51919115567395e-05,0.0157382794429819
ENSG00000116016.14:O002,-1.40606569178738,0.117742533298511,11.7948718842823,-11.9418671604645,6.08649970476218e-08,0.000260957934024619,0.0288768967230887
ENSG00000116199.12:O005,-1.78606078844808,0.114735306651007,11.7948718842823,-15.5667931744915,3.17964618343043e-09,7.27093058586311e-05,0.0171249549324934
ENSG00000116221.15:O002,-2.02936506841917,0.19714443947677,11.7948718842823,-10.2937981604005,3.04157368206195e-07,0.000526839944380119,0.0418201108842755
ENSG00000116679.17:O049,-1.96359691576854,0.15269389584282,11.7948718842823,-12.8596949139985,2.6927256409139e-08,0.000183092425095708,0.024098194185391
ENSG00000116698.22:O002,-2.90764632271445,0.164946187096355,11.7948718842823,-17.6278480509278,7.76005194687588e-10,3.96518770315948e-05,0.0151606906327228
ENSG00000116791.14:O010,-1.40636071524746,0.133471814177145,11.7948718842823,-10.5367618168502,2.3685391579218e-07,0.000472182802624499,0.0396810899858147
ENSG00000116793.16:O007,-3.44044775014284,0.24932739439273,11.7948718842823,-13.7989159134419,1.23027175834484e-08,0.000130399948791315,0.0220203687109863
ENSG00000117118.12:O003,-1.94758957214732,0.17313000497028,11.7948718842823,-11.2492896449789,1.16807566041831e-07,0.000346689602164212,0.0325554367174905
ENSG00000117335.21:O002,-1.39990371967731,0.121196552199752,11.7948718842823,-11.5506893081417,8.75984220533942e-08,0.000305801321439794,0.0307519306391703
ENSG00000117543.22:O002,-1.23210083939431,0.123558643272492,11.7948718842823,-9.9717899675952,4.26891172529168e-07,0.00061127975776535,0.0428861214573135
ENSG00000117593.12:O003,-1.50668759786227,0.153799384070125,11.7948718842823,-9.79644754087761,5.15347747298092e-07,0.000663972438154452,0.0449657120670133
ENSG00000118007.13:O010,-3.68676405149776,0.30882163776834,11.7948718842823,-11.9381662442427,6.1072084344659e-08,0.000261343981516222,0.0288768967230887
ENSG00000118200.16:O005,-3.27343516898258,0.137129038408288,11.7948718842823,-23.8712034079627,2.38021736356832e-11,8.94996516707965e-06,0.00945968941231158
ENSG00000118454.13:O050,-3.16630630911941,0.244851575010798,11.7948718842823,-12.9315333543588,2.53168771679651e-08,0.000178259137076226,0.02370754223879
ENSG00000118816.12:O011,-2.59166003004993,0.0995646532227442,11.7948718842823,-26.0299207214825,8.72608582940572e-12,5.84245731772389e-06,0.00945968941231158
ENSG00000119185.13:O056,-1.45213059661062,0.144464967897952,11.7948718842823,-10.0517836105178,3.9209365490015e-07,0.000588892797055936,0.0428861214573135
ENSG00000119318.13:O002,-1.45480892125136,0.109228297659339,11.7948718842823,-13.3189745919927,1.82468064148638e-08,0.000154666232335381,0.0230229832000494
ENSG00000119402.18:O059,-2.30995385428029,0.170524670683832,11.7948718842823,-13.5461563714916,1.51176417188962e-08,0.000142563432552235,0.0228868649568161
ENSG00000119487.17:O010,-3.62798295146952,0.1863886606729,11.7948718842823,-19.4646119478072,2.49928318454256e-10,2.44041342314031e-05,0.0133596841358417
ENSG00000119682.18:O004,-1.65650641170557,0.127622999713996,11.7948718842823,-12.9796856006975,2.42958228953914e-08,0.000175104444704075,0.02370754223879
ENSG00000119685.20:O002,-2.08461282147185,0.208480018065055,11.7948718842823,-9.99910130869881,4.14651010063106e-07,0.00060352500396061,0.0428861214573135
ENSG00000119771.15:O004,-2.52141982338876,0.188657193177642,11.7948718842823,-13.3650871240015,1.75591607162946e-08,0.000152113506560436,0.0230229832000494
ENSG00000120162.10:O043,-2.38718802484357,0.245267175304728,11.7948718842823,-9.73301063168215,5.52048266114216e-07,0.000684347535502438,0.0455383676040656
ENSG00000120685.20:O018,-2.57602646455465,0.271404489455781,11.7948718842823,-9.49146592865905,7.19731682916232e-07,0.000769006524262246,0.0486403419939725
ENSG00000120705.13:O024,-2.62531144166903,0.0967276013971829,11.7948718842823,-27.141285462967,5.3692865747593e-12,4.75434620392667e-06,0.00945968941231158
ENSG00000120742.11:O032,-1.32171199252677,0.08843548079396,11.7948718842823,-14.9454945080938,5.03121607739322e-09,8.86147916970749e-05,0.0180247445523638
ENSG00000120889.13:O018,-2.33287134100489,0.127582650611983,11.7948718842823,-18.2851769407099,5.11059322478434e-10,3.31497057695634e-05,0.0136998557848015
ENSG00000121039.10:O002,-1.69266196980449,0.0719027497312638,11.7948718842823,-23.540990798416,2.79646736264067e-11,9.58532039501285e-06,0.00945968941231158
ENSG00000121644.19:O002,-3.17353697137942,0.189679291248739,11.7948718842823,-16.7310672160714,1.4053178190717e-09,5.11696276989015e-05,0.0157382794429819
ENSG00000121892.15:O026,-2.42020325382143,0.145288579000831,11.7948718842823,-16.6579043615506,1.47699071657614e-09,5.22753835264309e-05,0.0157382794429819
ENSG00000122203.15:O015,-2.94411849986152,0.159399530434698,11.7948718842823,-18.4700575455437,4.55566772180827e-10,3.15564917272037e-05,0.0136998557848015
ENSG00000122705.18:O001,1.30442430178541,0.0750184752900935,11.7948718842823,17.3880407025236,9.0701789195644e-10,0.000372686217507465,0.0336074725107488
ENSG00000122705.18:O025,-1.39986151083277,0.0764870345794909,11.7948718842823,-18.3019451404921,5.0573650279147e-10,3.30012936514838e-05,0.0136998557848015
ENSG00000123091.5:O003,-2.79822502350624,0.216641651652325,11.7948718842823,-12.916375970014,2.56477956565667e-08,0.000179266151157116,0.02370754223879
ENSG00000123124.14:O003,-2.9463809757879,0.179429190959254,11.7948718842823,-16.420856383714,1.73771913779987e-09,5.60597078888584e-05,0.0158026578143396
ENSG00000123124.14:O021,2.6806929500492,0.123139680185114,11.7948718842823,21.7695299031097,6.90202881697577e-11,0.000140538039105743,0.0227658904976723
ENSG00000123268.9:O003,-1.51715319995765,0.138381799716124,11.7948718842823,-10.9635313536169,1.54380895997586e-07,0.00039158398793905,0.0348724048960646
ENSG00000123505.20:O002,-2.86828082192201,0.101030920548653,11.7948718842823,-28.3901285502072,3.18203240554499e-12,3.80854312926968e-06,0.00945968941231158
ENSG00000123562.18:O008,-1.66747438965914,0.104908049585737,11.7948718842823,-15.8946276881869,2.51263075358302e-09,6.56986507772429e-05,0.0164476342505265
ENSG00000123684.13:O059,-2.40471557986297,0.155862152243945,11.7948718842823,-15.4284766714839,3.51650380690964e-09,7.593337299766e-05,0.0176111212491695
ENSG00000124198.10:O002,-2.33437557965158,0.176217819752534,11.7948718842823,-13.2471028351717,1.93772257928658e-08,0.000158747533234414,0.0230229832000494
ENSG00000124201.15:O009,-0.835110452467839,0.085870789630337,11.7948718842823,-9.72519824334776,5.56758869128673e-07,0.000686907563925749,0.0456133806993933
ENSG00000124209.4:O003,-3.26478937215811,0.15283628645361,11.7948718842823,-21.3613497678711,8.58439479113038e-11,1.54590493307032e-05,0.0120311731747647
ENSG00000124486.15:O004,-1.15242257799588,0.0891783231486082,11.7948718842823,-12.9226760193221,2.55096884406559e-08,0.000178846772769224,0.02370754223879
ENSG00000124535.16:O003,-0.735252162940437,0.0726907558207388,11.7948718842823,-10.1147959549854,3.66832785664786e-07,0.000571939277147807,0.0428861214573135
ENSG00000125484.12:O002,-1.41122618964874,0.128330799642262,11.7948718842823,-10.9967848215916,1.49404451984879e-07,0.000386018940960137,0.0344625388687603
ENSG00000125686.12:O009,-2.26600286373339,0.233616783198438,11.7948718842823,-9.6996578443964,5.72462895097777e-07,0.000695356225012618,0.0458448487209055
ENSG00000125753.15:O003,-1.49748314543948,0.142877204178707,11.7948718842823,-10.4809101917089,2.50764509055984e-07,0.000484127874227011,0.0402129417571392
ENSG00000125826.22:O002,-1.02388133740021,0.0870504021461577,11.7948718842823,-11.761936902728,7.18693277203382e-08,0.000280538498099634,0.029713840922979
ENSG00000125845.7:O001,2.1190436879413,0.145712224174539,11.7948718842823,14.5426624289465,6.83831461158818e-09,0.00080092436935876,0.0498662476922498
ENSG00000125845.7:O004,-2.10840065288173,0.0566068357465828,11.7948718842823,-37.2463965716192,1.3374920542132e-13,9.97965169746258e-07,0.00945968941231158
ENSG00000126602.11:O002,-0.961412903135255,0.0760032932369674,11.7948718842823,-12.6496216438636,3.23048895810473e-08,0.000198148389754517,0.0252160227669103
ENSG00000128050.9:O003,-1.74676799177808,0.0725965212365772,11.7948718842823,-24.0613181186151,2.17140390117674e-11,8.60710016389092e-06,0.00945968941231158
ENSG00000128283.7:O006,-1.26207093763305,0.0942077770083135,11.7948718842823,-13.3966746452544,1.71042900900102e-08,0.000150393825950658,0.0230229832000494
ENSG00000128513.16:O005,-1.61726662487766,0.159954839717813,11.7948718842823,-10.110770188203,3.68393147950107e-07,0.000573004984948764,0.0428861214573135
ENSG00000128915.12:O038,-3.69152616815541,0.354823585374778,11.7948718842823,-10.4038353714742,2.71424186290619e-07,0.000501205398268021,0.0407798937681708
ENSG00000129250.12:O002,-1.50123058032127,0.150385879341447,11.7948718842823,-9.98252353808276,4.2203495182469e-07,0.0006082180965987,0.0428861214573135
ENSG00000130147.16:O006,-2.04733941154171,0.136617585968943,11.7948718842823,-14.985914126803,4.88068105424997e-09,8.74611314125689e-05,0.0180247445523638
ENSG00000130164.16:O002,-0.913229362355682,0.0946633448020517,11.7948718842823,-9.64712755782415,6.06279620086141e-07,0.000713122347419908,0.0465023315803875
ENSG00000130559.19:O020,-2.73413480282462,0.272537979804719,11.7948718842823,-10.0321239806052,4.00353146301006e-07,0.000594303510133431,0.0428861214573135
ENSG00000130703.17:O006,-2.66190365825398,0.276833158195883,11.7948718842823,-9.61555210944224,6.27635297013587e-07,0.000724059575020386,0.0470441611356258
ENSG00000130707.18:O003,-2.01487323370511,0.129407066495304,11.7948718842823,-15.5700402479815,3.17216977284993e-09,7.26356058063849e-05,0.0171249549324934
ENSG00000130707.18:O004,2.4312825279927,0.146866423730752,11.7948718842823,16.5543795935954,1.58524526024918e-09,0.000460429255706568,0.0394338931920937
ENSG00000130939.20:O003,-2.59986183386105,0.210324587788902,11.7948718842823,-12.3611883003925,4.16609153911602e-08,0.000221294604420361,0.0264081966760312
ENSG00000131368.9:O001,-1.20366842013241,0.0989705196152445,11.7948718842823,-12.1618884574089,4.98160041664244e-08,0.00023917877693523,0.0277106803051173
ENSG00000131381.13:O028,-3.25070770129783,0.256815061812226,11.7948718842823,-12.6577766831863,3.20757763254566e-08,0.000197537039567897,0.0252160227669103
ENSG00000131653.14:O002,-1.48661719498618,0.135692963821018,11.7948718842823,-10.9557426790903,1.55572110233466e-07,0.000392901168710389,0.0349028829772505
ENSG00000131828.14:O017,-1.57057807598209,0.140015740805958,11.7948718842823,-11.2171536353094,1.20493170862697e-07,0.000351421500471772,0.0325929785411643
ENSG00000131873.7:O016,-3.57068466769847,0.165728125066137,11.7948718842823,-21.5454357326104,7.77631717884506e-11,1.4820563384069e-05,0.0120311731747647
ENSG00000132199.20:O001,1.11524998964258,0.0485481604717905,11.7948718842823,22.9720339309378,3.71066551401199e-11,0.000111108711057956,0.0207770494285984
ENSG00000132199.20:O029,-1.8584611728148,0.061966560996333,11.7948718842823,-29.991355707553,1.6796222849329e-12,2.90560907262767e-06,0.00945968941231158
ENSG00000132294.15:O002,-2.80227093819685,0.169830031309476,11.7948718842823,-16.5004441004333,1.64501936461723e-09,5.47536789177785e-05,0.0157382794429819
ENSG00000132613.16:O011,-2.94049613436897,0.145495533268441,11.7948718842823,-20.2102158623916,1.62354114302314e-10,2.02935967777892e-05,0.0129560746376006
ENSG00000132640.15:O006,-0.922545801313786,0.0970761930721344,11.7948718842823,-9.50331664353866,7.10338349131502e-07,0.000764574247754792,0.0484455895037549
ENSG00000132676.16:O001,-1.07932296384751,0.0871700870775321,11.7948718842823,-12.3818043555184,4.09034137472886e-08,0.000219536997041153,0.0264081966760312
ENSG00000132824.14:O032,-1.51212015691047,0.103488063424945,11.7948718842823,-14.6115417263281,6.48523618331356e-09,9.88757138984395e-05,0.0190197611449729
ENSG00000133030.22:O002,-2.393531531821,0.152851273896359,11.7948718842823,-15.6592187347024,2.97408660565381e-09,7.06459485732233e-05,0.0171249549324934
ENSG00000133056.14:O014,-1.15621643596065,0.0983940200689761,11.7948718842823,-11.7508811526363,7.26121281361893e-08,0.000281797573530189,0.0297591537828341
ENSG00000133657.17:O035,-1.82404921250104,0.11759611704809,11.7948718842823,-15.5111347065577,3.31080649699694e-09,7.39866103426566e-05,0.0173118996749484
ENSG00000133703.14:O049,-0.986334892603682,0.0786082910990922,11.7948718842823,-12.5474664162375,3.53294766857358e-08,0.00020600069177862,0.025662511759975
ENSG00000133704.10:O019,-2.4747883751,0.220399902867395,11.7948718842823,-11.2286273401353,1.1916309323592e-07,0.000349723293676331,0.0325554367174905
ENSG00000133812.18:O030,-3.29365735447228,0.230369537759292,11.7948718842823,-14.2972781319454,8.27517207938463e-09,0.000109852511064627,0.0207770494285984
ENSG00000134001.15:O012,-1.23467330325572,0.120442318095044,11.7948718842823,-10.2511585859831,3.17962725490032e-07,0.000537188869994272,0.0421485365551573
ENSG00000134077.16:O005,-1.64230187616944,0.146294135497366,11.7948718842823,-11.2260267343321,1.1946317318879e-07,0.00035010735017413,0.0325554367174905
ENSG00000134138.22:O028,-2.43051388669314,0.223540865264638,11.7948718842823,-10.8727944835311,1.68890909084115e-07,0.000407260156611259,0.0359997866831681
ENSG00000134278.16:O025,-4.28433715277608,0.375728042479445,11.7948718842823,-11.4027612219294,1.00805659287632e-07,0.000325108576058484,0.0318873617065582
ENSG00000134318.16:O036,-2.5216026331512,0.130973138651693,11.7948718842823,-19.2528228239005,2.83315484502845e-10,2.57491118819294e-05,0.0133596841358417
ENSG00000134352.21:O065,-1.43054770911655,0.141562152315935,11.7948718842823,-10.1054391001621,3.70470443438057e-07,0.000574419859330982,0.0428861214573135
ENSG00000134480.17:O001,-1.33112761299432,0.105224190222365,11.7948718842823,-12.6503954098513,3.22830752270599e-08,0.000198090287021173,0.0252160227669103
ENSG00000134758.14:O003,-3.19581127842924,0.19888781022312,11.7948718842823,-16.0684120099872,2.22181474054468e-09,6.2310801633164e-05,0.016118498806591
ENSG00000134851.13:O010,-1.31690037491124,0.138554111097733,11.7948718842823,-9.5045925702077,7.09334884633319e-07,0.000764098841275086,0.0484455895037549
ENSG00000135018.14:O015,-1.96961023643133,0.115283717800557,11.7948718842823,-17.084895196031,1.10794102088324e-09,4.62009079017424e-05,0.0157382794429819
ENSG00000135048.14:O018,-1.65988316815033,0.13571384259185,11.7948718842823,-12.2307580159108,4.68183487268187e-08,0.000232810768521546,0.0270604724450369
ENSG00000135052.16:O018,-1.78099566282509,0.173942821617224,11.7948718842823,-10.2389719004578,3.22031203522158e-07,0.000540190780139235,0.0421485365551573
ENSG00000135457.11:O013,-2.73155507811459,0.167863466134442,11.7948718842823,-16.2724810884513,1.92597842407309e-09,5.85954386650288e-05,0.0159297895147934
ENSG00000135679.27:O003,-2.99835936584967,0.128272832263109,11.7948718842823,-23.3748589857246,3.03515896145272e-11,9.92539898299924e-06,0.00945968941231158
ENSG00000135823.14:O036,-2.00943885798646,0.193608846554717,11.7948718842823,-10.3788586820518,2.78506427024246e-07,0.000506891969454135,0.0410559558969639
ENSG00000135829.17:O002,-2.21225352406464,0.230214372144308,11.7948718842823,-9.60953698702142,6.31794502002637e-07,0.000726165533675408,0.0470955183072094
ENSG00000135999.13:O003,-3.98037242766955,0.287788228482525,11.7948718842823,-13.8309077082743,1.19889049116826e-08,0.000128950298412804,0.0220203687109863
ENSG00000136205.18:O025,-2.47944238752508,0.247742357172704,11.7948718842823,-10.0081488519811,4.1067984442983e-07,0.000600981763533579,0.0428861214573135
ENSG00000136231.14:O031,-3.55425362582761,0.19365924082517,11.7948718842823,-18.3531320823275,4.89855630198756e-10,3.25531445208134e-05,0.0136998557848015
ENSG00000136247.15:O002,-1.95673519318515,0.204256471698136,11.7948718842823,-9.57979532749857,6.52799645455282e-07,0.000736685400602302,0.047605302060582
ENSG00000136295.16:O002,-2.21132444916831,0.155503942589959,11.7948718842823,-14.2203754601852,8.79019275950791e-09,0.000112756457424551,0.0208846659658849
ENSG00000136603.15:O007,-1.2229607121559,0.121537171030803,11.7948718842823,-10.062441817458,3.87692669994026e-07,0.000585983828004334,0.0428861214573135
ENSG00000136699.20:O005,-1.19291879229014,0.0958643927535089,11.7948718842823,-12.4438152480393,3.87131175077834e-08,0.000214349562504121,0.0261901513230292
ENSG00000136938.9:O002,-1.87392187960817,0.165922005048523,11.7948718842823,-11.2939924940044,1.11881317472158e-07,0.00034023248306935,0.0325554367174905
ENSG00000137502.10:O100,-1.3559983054898,0.140243587142576,11.7948718842823,-9.66887922020458,5.92023257040648e-07,0.000705701444192664,0.0462712668536582
ENSG00000137693.14:O002,-1.82894231452018,0.150887685363676,11.7948718842823,-12.121216586443,5.16830597359419e-08,0.000243036818406018,0.0279765855271236
ENSG00000137770.14:O004,-2.84937262923468,0.156176000721956,11.7948718842823,-18.2446253973906,5.24184046134779e-10,3.35119362157511e-05,0.0136998557848015
ENSG00000137834.15:O008,-1.94896598373637,0.188246717606922,11.7948718842823,-10.3532534777366,2.85973824323795e-07,0.000512801159487413,0.0414408160488699
ENSG00000137845.15:O082,-2.15325978394871,0.162118932951034,11.7948718842823,-13.2819760453215,1.88195662147541e-08,0.000156751402306107,0.0230229832000494
ENSG00000138018.19:O002,-2.54401334699887,0.0998955535388167,11.7948718842823,-25.4667325709381,1.12473193917136e-11,6.50743898903971e-06,0.00945968941231158
ENSG00000138031.15:O004,-1.45491317318118,0.129499628353329,11.7948718842823,-11.2348830006798,1.18444583683913e-07,0.000348801506978516,0.0325554367174905
ENSG00000138073.14:O006,-1.97269505895293,0.185326249154208,11.7948718842823,-10.6444449610129,2.12323150733823e-07,0.000450123814354417,0.0388023353021452
ENSG00000138138.14:O037,-2.09122491790787,0.206713610003806,11.7948718842823,-10.116532326388,3.66161975077363e-07,0.000571480346314324,0.0428861214573135
ENSG00000138347.17:O011,-1.38051066024697,0.142001478078366,11.7948718842823,-9.72180486378541,5.58818407774695e-07,0.000688023060828838,0.0456133806993933
ENSG00000138592.14:O004,-1.19758945284583,0.110252518037025,11.7948718842823,-10.8622412818151,1.70671601352042e-07,0.000409131298348122,0.0360761095587753
ENSG00000138593.9:O043,-2.29790007150581,0.193396510171861,11.7948718842823,-11.8818073266358,6.43213754105614e-08,0.000267307607052277,0.0289890534702371
ENSG00000138594.14:O002,-1.45728231435726,0.0701978133598386,11.7948718842823,-20.7596539636802,1.19274874242755e-10,1.77891047519355e-05,0.0126300921073304
ENSG00000138604.10:O003,-0.979270907536883,0.0925448583402877,11.7948718842823,-10.5815809230168,2.26291929296265e-07,0.000462849310070462,0.0395465520298868
ENSG00000138768.15:O002,-2.06649785689195,0.197393988337911,11.7948718842823,-10.4688996574425,2.53869311760796e-07,0.000486743167469939,0.0403365865634811
ENSG00000139116.19:O016,-3.06877832832258,0.245362851727408,11.7948718842823,-12.5071024677033,3.66076039517362e-08,0.000209205075818383,0.0258260059113727
ENSG00000139218.18:O031,-1.83405544489961,0.139387732416143,11.7948718842823,-13.157940179585,2.08857981946656e-08,0.000163990522793648,0.0230229832000494
ENSG00000139324.12:O003,-2.44655013992837,0.162575085706197,11.7948718842823,-15.0487396595917,4.65627705536553e-09,8.57033617187358e-05,0.0180247445523638
ENSG00000139651.11:O002,-1.94290990303327,0.156485626763808,11.7948718842823,-12.4159000619642,3.9683037711408e-08,0.00021666650782675,0.0263458503300139
ENSG00000139726.11:O002,-1.6306058358951,0.158753695974376,11.7948718842823,-10.2712936910665,3.11361393477617e-07,0.000532272219508732,0.0420361593958601
ENSG00000139793.21:O007,-2.35022749387162,0.102032113699378,11.7948718842823,-23.0341939283568,3.5965798005471e-11,1.06691784772454e-05,0.00979375870475345
ENSG00000140157.16:O003,-1.58201231520417,0.135462689515836,11.7948718842823,-11.6785833860121,7.76783709425717e-08,0.000290198772040476,0.0300263469336677
ENSG00000140199.13:O020,-3.20396940793045,0.271279463764969,11.7948718842823,-11.8105858934693,6.86967319619037e-08,0.000275076983308379,0.0294842994085029
ENSG00000140262.18:O003,-3.60910982544369,0.218221169410869,11.7948718842823,-16.5387704372917,1.60229887118078e-09,5.41377417992659e-05,0.0157382794429819
ENSG00000140332.18:O012,-2.29783430581039,0.0927458147182104,11.7948718842823,-24.7756118461184,1.54733585071852e-11,7.4521317326865e-06,0.00945968941231158
ENSG00000140443.15:O002,-2.01594665882192,0.11754687319603,11.7948718842823,-17.1501512886691,1.06093742660986e-09,4.53487465571032e-05,0.0157382794429819
ENSG00000140650.13:O004,-1.3611499565237,0.0884155423490178,11.7948718842823,-15.3949172324318,3.60392475861097e-09,7.6741198739398e-05,0.0176111212491695
ENSG00000140795.13:O048,-1.86060577270278,0.189253537216916,11.7948718842823,-9.83128664364262,4.96315618882906e-07,0.000653087953879137,0.044652919011415
ENSG00000140943.18:O005,-2.44950146525541,0.183581087430491,11.7948718842823,-13.342885694491,1.78866770718324e-08,0.000153336226866013,0.0230229832000494
ENSG00000141198.16:O006,-1.25935581995698,0.126310600047424,11.7948718842823,-9.9703098511459,4.27565527902308e-07,0.000611703377819572,0.0428861214573135
ENSG00000141380.14:O018,-1.7398221458014,0.170985256213754,11.7948718842823,-10.1752758356334,3.44227581481453e-07,0.000556207939205269,0.0427134745129022
ENSG00000141384.13:O003,-2.97618070228131,0.23201088948476,11.7948718842823,-12.8277629937573,2.7678257633126e-08,0.000185290827111976,0.0241621805727168
ENSG00000141424.13:O010,-1.99250986160188,0.180972447360067,11.7948718842823,-11.0100177715867,1.47472424389887e-07,0.000383830512515289,0.0343670996855357
ENSG00000141425.18:O005,-2.43894670501427,0.146657987735647,11.7948718842823,-16.6301661619039,1.50518931000348e-09,5.27020661246907e-05,0.0157382794429819
ENSG00000141429.14:O002,-1.89669890342383,0.165203938421915,11.7948718842823,-11.4809545192551,9.35758698315275e-08,0.000314728155250634,0.0312557511451445
ENSG00000141526.18:O015,1.61598511623911,0.076802030629083,11.7948718842823,21.0409165357039,1.02163298623112e-10,0.000163034242668445,0.0230229832000494
ENSG00000141526.18:O020,-1.7957105489911,0.0713628091054237,11.7948718842823,-25.1631146741759,1.29257706481792e-11,6.9035962696456e-06,0.00945968941231158
ENSG00000141564.16:O002,-2.88652306771983,0.19095373038743,11.7948718842823,-15.1163481428894,4.42718212139462e-09,8.38586917252652e-05,0.0180247445523638
ENSG00000141580.16:O012,-2.9566033738947,0.180490613387998,11.7948718842823,-16.3809259572903,1.78634301107362e-09,5.67289873491328e-05,0.0158663886492106
ENSG00000141867.19:O014,-1.83304288858759,0.190149878534008,11.7948718842823,-9.63998979499613,6.11037891968812e-07,0.000715577574993643,0.0465775948814044
ENSG00000142599.20:O012,-2.67458702342475,0.25037569564664,11.7948718842823,-10.6822949268983,2.04362611261474e-07,0.000442661927125441,0.0383711791551835
ENSG00000142949.17:O002,-2.02676222765669,0.160540616719373,11.7948718842823,-12.6246072120147,3.30187472243352e-08,0.00020003772250845,0.0252160227669103
ENSG00000143033.18:O004,-2.53449971707278,0.255886398774815,11.7948718842823,-9.90478481548052,4.58598446295397e-07,0.00063081002702402,0.0436295471615814
ENSG00000143153.14:O005,-1.37368014169448,0.107290787501122,11.7948718842823,-12.8033373012582,2.82679752303228e-08,0.000186993693815241,0.0242089273634539
ENSG00000143294.15:O002,-2.01107118892694,0.187356028207439,11.7948718842823,-10.7339550702916,1.94011996123395e-07,0.000432712777207027,0.0376912832701012
ENSG00000143322.22:O071,-3.21909146256093,0.2858994120174,11.7948718842823,-11.2595245993896,1.15659394685361e-07,0.00034519845709374,0.0325554367174905
ENSG00000143324.14:O002,-2.53435050155876,0.192084231369623,11.7948718842823,-13.1939539413934,2.0261732324825e-08,0.000161848348027168,0.0230229832000494
ENSG00000143393.17:O004,-2.12059073477945,0.188232541942575,11.7948718842823,-11.2658029950336,1.14961098165342e-07,0.000344287517078177,0.0325554367174905
ENSG00000143398.20:O003,-3.10672767019816,0.141267791190013,11.7948718842823,-21.9917621987835,6.1391801763088e-11,1.33992736190354e-05,0.0119923498890367
ENSG00000143612.21:O011,-2.02430071555332,0.102609458408813,11.7948718842823,-19.7282077787427,2.14198440980228e-10,2.28458549353824e-05,0.0133596841358417
ENSG00000143776.20:O036,-3.40640350775232,0.185386472142642,11.7948718842823,-18.3746066710376,4.83354494359631e-10,3.23673037340559e-05,0.0136998557848015
ENSG00000143952.20:O009,-3.15311006297305,0.272431491680053,11.7948718842823,-11.5739558724588,8.56967279560258e-08,0.000302890095238463,0.0307180323216345
ENSG00000143970.18:O066,-2.02634031166316,0.194691528647902,11.7948718842823,-10.4079531643504,2.70275300844176e-07,0.000500275152886344,0.0407798937681708
ENSG00000144136.11:O004,-2.45276397175799,0.146902926099184,11.7948718842823,-16.6964950044764,1.43870573728232e-09,5.16886158583174e-05,0.0157382794429819
ENSG00000144560.16:O027,-2.84568179618507,0.157705670871765,11.7948718842823,-18.0442578916453,5.94614853338341e-10,3.53728765634347e-05,0.0139159228678128
ENSG00000144580.15:O003,-2.16503934111762,0.179268677259269,11.7948718842823,-12.0770642937607,5.37956792013901e-08,0.000247309113591476,0.0282864736951273
ENSG00000144791.10:O003,-2.93347124644953,0.277822493069674,11.7948718842823,-10.5587967843693,2.31596366766322e-07,0.000467566460283345,0.0396810899858147
ENSG00000145555.15:O039,-2.83901078327831,0.200251681642275,11.7948718842823,-14.1772131948927,9.09434062850454e-09,0.00011442644829981,0.020900341067006
ENSG00000145740.20:O004,-2.61856504445981,0.194388181679584,11.7948718842823,-13.470803738347,1.60859983594644e-08,0.000146448285621777,0.0230229832000494
ENSG00000145996.11:O002,-2.74011606652597,0.271405365021892,11.7948718842823,-10.0960276386023,3.74168511460391e-07,0.000576927775742446,0.0428861214573135
ENSG00000146243.14:O002,-1.00612110206674,0.100031716860533,11.7948718842823,-10.058020932196,3.89511657165618e-07,0.000587188361565211,0.0428861214573135
ENSG00000146535.15:O015,-3.14996972039817,0.23672609017303,11.7948718842823,-13.306390174804,1.84394801952401e-08,0.000155371735753445,0.0230229832000494
ENSG00000146802.13:O050,-3.51731351139004,0.294261861374293,11.7948718842823,-11.9530050376325,6.02463249831483e-08,0.000259800211699519,0.0288768967230887
ENSG00000146918.20:O007,-1.58655935850707,0.16136288689433,11.7948718842823,-9.83224450828052,4.95803146262394e-07,0.000652791689822455,0.044652919011415
ENSG00000147140.17:O004,-1.33243493998756,0.113123999016378,11.7948718842823,-11.7785346307873,7.07695191706133e-08,0.000278660810677988,0.0296381124507533
ENSG00000147162.15:O002,-2.34103802868999,0.176595166733458,11.7948718842823,-13.2565237882382,1.92248371666949e-08,0.000158205309338045,0.0230229832000494
ENSG00000147324.11:O021,-3.04145180505901,0.20216855880276,11.7948718842823,-15.0441385300981,4.67232727600043e-09,8.58306540894926e-05,0.0180247445523638
ENSG00000147459.18:O001,3.59571073414069,0.237894524784625,11.7948718842823,15.1147267361282,4.43253150251119e-09,0.000679633675974286,0.0454782908408961
ENSG00000147459.18:O002,-3.95181706288215,0.160551916568915,11.7948718842823,-24.613951345675,1.66927444746143e-11,7.6963596492344e-06,0.00945968941231158
ENSG00000147649.10:O002,-1.65991880697758,0.0924919516938036,11.7948718842823,-17.9466296967414,6.32586328421339e-10,3.63243468162403e-05,0.0141349088697978
ENSG00000147677.12:O027,-1.26142173263224,0.0501023682700145,11.7948718842823,-25.1768883625243,1.28440159261454e-11,6.88500803492013e-06,0.00945968941231158
ENSG00000147677.12:O034,1.22138051824414,0.0501505288946277,11.7948718842823,24.3542898781867,1.8874735312583e-11,8.60196568392352e-05,0.0180247445523638
ENSG00000148396.19:O014,-1.2225100347778,0.124280173744784,11.7948718842823,-9.8367261481972,4.93412946808091e-07,0.000651407644729057,0.044652919011415
ENSG00000148634.16:O015,-1.70033982956072,0.164835280683297,11.7948718842823,-10.3153877162234,2.97414576923612e-07,0.000521690127246191,0.0418123189291075
ENSG00000149480.7:O002,-1.77995268440975,0.132812474660348,11.7948718842823,-13.4019992396178,1.7028875144964e-08,0.000150106233011011,0.0230229832000494
ENSG00000149547.15:O003,-2.07084147126556,0.186431382582272,11.7948718842823,-11.1077944205649,1.3400435778087e-07,0.000368108870663444,0.0333627786575982
ENSG00000150760.13:O002,-2.21348001224201,0.225993586336252,11.7948718842823,-9.79443730296225,5.16469603560521e-07,0.000664606999318605,0.0449657120670133
ENSG00000150967.19:O001,-1.72143870976708,0.153254106969834,11.7948718842823,-11.2325779961376,1.18708786112981e-07,0.0003491408189432,0.0325554367174905
ENSG00000151148.14:O003,-2.4256336678668,0.256719179460608,11.7948718842823,-9.44858764726226,7.54850028789241e-07,0.000785299001144311,0.049149832589102
ENSG00000151292.19:O007,-3.0728741420923,0.230566174603352,11.7948718842823,-13.327514963453,1.81172876494602e-08,0.000154189619302933,0.0230229832000494
ENSG00000151414.15:O010,-2.6366193203308,0.105458330393059,11.7948718842823,-25.0015272430707,1.39281498783498e-11,7.1262309289463e-06,0.00945968941231158
ENSG00000151718.16:O002,-3.65401949036067,0.212135379970721,11.7948718842823,-17.2249414070628,1.00970359315446e-09,4.43951017053304e-05,0.0157382794429819
ENSG00000151748.15:O034,-2.20652317765229,0.168350024542027,11.7948718842823,-13.1067588713149,2.18086597058489e-08,0.00016709331837468,0.0231858170457889
ENSG00000151893.15:O092,-2.54616894974504,0.139077757766061,11.7948718842823,-18.307520847639,5.03979890214199e-10,3.29521205102625e-05,0.0136998557848015
ENSG00000152104.12:O078,-2.44937372950905,0.173922049981634,11.7948718842823,-14.0831696140179,9.7971341761413e-09,0.000118168418874175,0.0210469124163953
ENSG00000152127.9:O004,-2.80187135824644,0.250199906778993,11.7948718842823,-11.1985307841117,1.22686180949661e-07,0.000354198731806854,0.032761163008392
ENSG00000152413.15:O034,-3.30378458294069,0.252822835903071,11.7948718842823,-13.0675877087595,2.25446855246417e-08,0.000169515344624866,0.0234310785234371
ENSG00000152601.18:O017,-2.85992481437557,0.0713122494812067,11.7948718842823,-40.1042574758389,5.62803589185023e-14,6.93070541398731e-07,0.00945968941231158
ENSG00000152953.13:O002,-2.89346000731416,0.192908549548473,11.7948718842823,-14.9991278980982,4.83253040348094e-09,8.70878794537091e-05,0.0180247445523638
ENSG00000153071.15:O015,-1.81663277144099,0.119956781410478,11.7948718842823,-15.1440606365111,4.33682302541088e-09,8.31162953683775e-05,0.0180247445523638
ENSG00000153207.16:O024,-3.09774581059943,0.257018567178002,11.7948718842823,-12.0526148932036,5.50054620441243e-08,0.000249713322356706,0.028290306773323
ENSG00000153250.21:O029,-2.5650197093856,0.221892658006372,11.7948718842823,-11.5597322256239,8.68539483861278e-08,0.000304665894557412,0.0307240535919869
ENSG00000153317.15:O028,-2.94608184840757,0.184586424681174,11.7948718842823,-15.9604470019731,2.39791169037092e-09,6.4390231379124e-05,0.0163487254139903
ENSG00000153560.12:O011,-2.27357393408052,0.174968825336098,11.7948718842823,-12.9941658447624,2.39975343304601e-08,0.000174168809573476,0.02370754223879
ENSG00000153786.13:O013,-1.95971395766489,0.148074242046294,11.7948718842823,-13.2346715443744,1.95803069921419e-08,0.00015946641071572,0.0230229832000494
ENSG00000153815.18:O002,-2.50662746065419,0.145265308864244,11.7948718842823,-17.2555132416146,9.89536983153491e-10,4.40122032433497e-05,0.0157382794429819
ENSG00000153904.21:O025,-1.99205081047062,0.158656652375957,11.7948718842823,-12.5557345414689,3.50736554306732e-08,0.000205351537187412,0.025662511759975
ENSG00000154001.14:O050,-3.46743890422629,0.237846699168914,11.7948718842823,-14.5784613212723,6.65228499049511e-09,9.99674547097552e-05,0.0190363557372832
ENSG00000154122.14:O002,-1.51819500557179,0.0608131583644669,11.7948718842823,-24.9649096742009,1.41668129893061e-11,7.17787467805902e-06,0.00945968941231158
ENSG00000154380.19:O097,-2.53856335639679,0.0980161147678456,11.7948718842823,-25.8994489060238,9.2501571384077e-12,5.98895351985383e-06,0.00945968941231158
ENSG00000154556.20:O021,-1.65457629777839,0.142463333250947,11.7948718842823,-11.6140501560769,8.25232375148797e-08,0.00029795019338743,0.0303892220036182
ENSG00000154864.14:O018,-3.38349938856372,0.240137280606208,11.7948718842823,-14.0898546865457,9.74528749322106e-09,0.000117897647802335,0.0210469124163953
ENSG00000155096.15:O031,-1.15139316833738,0.11224150079833,11.7948718842823,-10.2581768788547,3.15644823296161e-07,0.000535469039909493,0.0421314101730986
ENSG00000155097.12:O002,-2.77205610264792,0.235407477642233,11.7948718842823,-11.7755652046909,7.09649404852909e-08,0.000278995639550387,0.0296381124507533
ENSG00000155380.13:O019,-1.66229083055863,0.103318141940996,11.7948718842823,-16.0890507642689,2.18977174230129e-09,6.19224891835408e-05,0.016118498806591
ENSG00000156052.11:O045,-3.75909941588998,0.333866593922105,11.7948718842823,-11.2592858474694,1.15686039233257e-07,0.000345233154345443,0.0325554367174905
ENSG00000156599.11:O007,-1.46386243767655,0.14505221791877,11.7948718842823,-10.0919686625979,3.75775655055468e-07,0.000578013389182381,0.0428861214573135
ENSG00000156787.17:O003,-2.3398712226376,0.169866961104799,11.7948718842823,-13.7747282191857,1.25458653707667e-08,0.000131508885191899,0.0221033713139436
ENSG00000157216.17:O009,-3.33630952663707,0.281377975580497,11.7948718842823,-11.8570386319473,6.58079206684816e-08,0.000269979610989277,0.0291120485122918
ENSG00000157483.9:O038,-2.18824674691667,0.168676513357339,11.7948718842823,-12.9730375815921,2.44341083201844e-08,0.000175536008693139,0.02370754223879
ENSG00000157540.22:O003,-1.40912433057521,0.101066908153975,11.7948718842823,-13.9424897457871,1.09602693756293e-08,0.000124042382801022,0.0217682220797871
ENSG00000157625.16:O041,-2.22748158602095,0.232822651406965,11.7948718842823,-9.56728897536435,6.61855411382437e-07,0.000741162721699377,0.0476775882459366
ENSG00000157985.20:O004,-2.37626727547508,0.24288661567044,11.7948718842823,-9.78344265251451,5.22652044701103e-07,0.000668090336863744,0.0449657120670133
ENSG00000158195.11:O023,-2.04146481690214,0.133215154635077,11.7948718842823,-15.3245689088034,3.79489895257796e-09,7.84681619041027e-05,0.0178645466554222
ENSG00000158615.10:O007,-1.26102385421352,0.124630679040988,11.7948718842823,-10.1180854017397,3.65563095165401e-07,0.000571070230748668,0.0428861214573135
ENSG00000159263.16:O002,-3.29081554529405,0.327132736772503,11.7948718842823,-10.059572691383,3.88872137359267e-07,0.000586765229037873,0.0428861214573135
ENSG00000159346.13:O007,-2.10100069161355,0.192737144449423,11.7948718842823,-10.9008603277552,1.64251876206512e-07,0.000402333112328099,0.0356522906468959
ENSG00000159592.11:O007,-1.96145734610163,0.118851278276041,11.7948718842823,-16.5034602450468,1.64161315870236e-09,5.47049040907086e-05,0.0157382794429819
ENSG00000159658.15:O031,-3.23490285192951,0.259055881637361,11.7948718842823,-12.4872781559072,3.72535340754092e-08,0.000210800586000031,0.025933542882478
ENSG00000160551.12:O003,-1.91144795854998,0.112262324763578,11.7948718842823,-17.0266201290188,1.15182349912278e-09,4.69781467115131e-05,0.0157382794429819
ENSG00000160691.19:O011,-1.35400270590451,0.132703725382176,11.7948718842823,-10.2032004150983,3.34300338506879e-07,0.00054911768426293,0.0425816439139612
ENSG00000160877.7:O002,-1.87453701940402,0.113875511723456,11.7948718842823,-16.4612829486666,1.68994570272586e-09,5.53917097713889e-05,0.0157382794429819
ENSG00000161021.13:O003,-2.7184824074956,0.260757160199324,11.7948718842823,-10.4253413613554,2.65481305077205e-07,0.000496369495345165,0.0406003887419383
ENSG00000161203.14:O003,-1.11273148961741,0.0880674509024775,11.7948718842823,-12.6349914550111,3.27203581178705e-08,0.000199250811220467,0.0252160227669103
ENSG00000162337.12:O002,-2.39387821269623,0.227097246082641,11.7948718842823,-10.5412031805312,2.35783954905207e-07,0.000471248002179772,0.0396810899858147
ENSG00000162402.15:O023,-3.01411572851952,0.271695392221375,11.7948718842823,-11.093731490535,1.35857002004896e-07,0.000370322348155115,0.0334786365251342
ENSG00000162520.15:O001,-1.17077521881001,0.111613458372882,11.7948718842823,-10.4895523880162,2.4855574213784e-07,0.000482256335269644,0.0401506437271006
ENSG00000162522.11:O002,-1.85875012087863,0.166067232665323,11.7948718842823,-11.1927566386597,1.23374844066062e-07,0.000355065118638438,0.032761163008392
ENSG00000162714.13:O018,-2.63105021130823,0.184178538384844,11.7948718842823,-14.2853246332675,8.35303812834805e-09,0.000110297980564423,0.0207770494285984
ENSG00000162980.17:O052,-2.86191006473574,0.238436994202316,11.7948718842823,-12.0027937540069,5.75624606366094e-08,0.000254699032283248,0.0285837785446403
ENSG00000163320.12:O058,-1.84131868448804,0.162540388717135,11.7948718842823,-11.3283762824786,1.08244635102394e-07,0.000335362923829382,0.0325554367174905
ENSG00000163349.22:O004,-1.5978344518794,0.125562301082054,11.7948718842823,-12.7254314241599,3.02412829801168e-08,0.00019255090084135,0.0247961232018717
ENSG00000163681.17:O006,-3.23055290022917,0.134304389129307,11.7948718842823,-24.0539636952507,2.17910186929569e-11,8.62006714925504e-06,0.00945968941231158
ENSG00000163785.14:O016,-3.24402263492669,0.162074596665398,11.7948718842823,-20.0156144249055,1.8143576461694e-10,2.12806456443479e-05,0.0129966054486559
ENSG00000163939.19:O001,2.07616395362706,0.0816978410899447,11.7948718842823,25.4127150231708,1.15277673859134e-11,7.13710003416224e-05,0.0171249549324934
ENSG00000163939.19:O027,-2.15978718052467,0.088828455558802,11.7948718842823,-24.3141363534678,1.92388988840942e-11,8.17525054441405e-06,0.00945968941231158
ENSG00000163961.4:O030,-2.31271873274695,0.186347751563605,11.7948718842823,-12.4107681114551,3.98641848166727e-08,0.000217095694060171,0.0263458503300139
ENSG00000164091.12:O024,-1.80923049816026,0.0933507875844868,11.7948718842823,-19.3809880449356,2.62572712476396e-10,2.49248902066564e-05,0.0133596841358417
ENSG00000164151.12:O003,-2.52832462802476,0.121883584309175,11.7948718842823,-20.7437666225117,1.20329933430356e-10,1.78561295985081e-05,0.0126300921073304
ENSG00000164190.19:O004,-2.2538602001738,0.211816755626792,11.7948718842823,-10.6406133617917,2.13147425569291e-07,0.000450887471667385,0.0388023353021452
ENSG00000164292.13:O003,-2.25988460351319,0.21911299042853,11.7948718842823,-10.3137865039102,2.97909098282653e-07,0.00052207001567908,0.0418123189291075
ENSG00000164329.15:O003,-2.66489150293093,0.281931927026785,11.7948718842823,-9.45225158084969,7.51778392714463e-07,0.000783890987926467,0.0491476311169308
ENSG00000164715.6:O003,-3.00363084457338,0.221476549691146,11.7948718842823,-13.5618459325017,1.49240432890975e-08,0.000141770073478952,0.0228620208583174
ENSG00000164930.12:O004,-2.3018538479012,0.132717072347592,11.7948718842823,-17.3440673998032,9.3354155252198e-10,4.29251999917816e-05,0.0157382794429819
ENSG00000164983.9:O083,-2.16026787742172,0.202171437012334,11.7948718842823,-10.6853268164183,2.03738999202096e-07,0.0004420705783594,0.0383711791551835
ENSG00000165389.7:O033,-1.72678395767837,0.182440499769005,11.7948718842823,-9.46491573891059,7.41264498884944e-07,0.000779047189675442,0.0490156228301948
ENSG00000165458.15:O002,-1.59318087201694,0.160529209313502,11.7948718842823,-9.92455440869687,4.48987830423009e-07,0.000624971907812078,0.0434446491255774
ENSG00000165516.11:O044,-1.10496377813217,0.0752281576051897,11.7948718842823,-14.6881674802035,6.11544580378046e-09,9.64010585650151e-05,0.018962406025426
ENSG00000165650.12:O046,-2.77662429795077,0.221389624202339,11.7948718842823,-12.5417995895466,3.55059744860996e-08,0.000206447021979688,0.025662511759975
ENSG00000165689.17:O006,-2.65336441377399,0.23860701797563,11.7948718842823,-11.1202278804934,1.32389040344115e-07,0.000366164938047508,0.0333554829061089
ENSG00000165802.23:O007,-1.87905075158524,0.174336124852808,11.7948718842823,-10.7783212066445,1.8557290736525e-07,0.00042437944974773,0.0370555714657774
ENSG00000166250.13:O027,-2.39595174728723,0.136789347458544,11.7948718842823,-17.515631091181,8.34566586036122e-10,4.09092664510612e-05,0.0152557472807082
ENSG00000166266.14:O003,-2.74144163053862,0.132995173784697,11.7948718842823,-20.613091080859,1.29401250048339e-10,1.84190622092408e-05,0.0126300921073304
ENSG00000166987.15:O005,-2.12889739882012,0.189280682641361,11.7948718842823,-11.2473041047397,1.17031725910972e-07,0.000346979763425659,0.0325554367174905
ENSG00000167264.18:O005,-1.42224376872172,0.119096083983293,11.7948718842823,-11.9419860095588,6.0858359327157e-08,0.000260945547959466,0.0288768967230887
ENSG00000167491.18:O009,-1.49493455832479,0.119916930224291,11.7948718842823,-12.4664178404891,3.79465206332975e-08,0.000212495141041405,0.0260524864701449
ENSG00000167635.12:O014,-1.05909393160937,0.0881038309115094,11.7948718842823,-12.0209748049788,5.66147908216056e-08,0.000252866015052045,0.0284673060970542
ENSG00000167740.10:O002,1.03059695817588,0.0665330754890655,11.7948718842823,15.4899942712743,3.36214701109564e-09,0.000612089357239928,0.0428861214573135
ENSG00000167740.10:O041,-1.15177034650773,0.0752322826612875,11.7948718842823,-15.3095227974573,3.83714802598858e-09,7.88435299317517e-05,0.0178645466554222
ENSG00000167972.14:O003,-2.0443082439529,0.194141010699094,11.7948718842823,-10.5300175196957,2.38488680312054e-07,0.000473606521482469,0.0397075256886942
ENSG00000168036.19:O011,-1.67981248144157,0.119125393984299,11.7948718842823,-14.1012123885439,9.65788004273434e-09,0.000117439312546344,0.0210469124163953
ENSG00000168282.6:O005,-2.30466379831474,0.197798994016738,11.7948718842823,-11.6515445883396,7.96699344678213e-08,0.000293417015452163,0.0302718419400215
ENSG00000168615.13:O002,-3.61387938117665,0.26276041253298,11.7948718842823,-13.7535154034022,1.27633823504414e-08,0.000132490699992673,0.0221643320548491
ENSG00000169018.6:O002,-1.50467998216197,0.146968077720772,11.7948718842823,-10.2381415440484,3.22310446076909e-07,0.000540396041307743,0.0421485365551573
ENSG00000169045.19:O007,-2.06003299964691,0.218167761052231,11.7948718842823,-9.44242627650983,7.60045827306374e-07,0.000787673495661554,0.049212410374666
ENSG00000169180.12:O004,-2.89964723645862,0.116555295228061,11.7948718842823,-24.8778678890989,1.47520982618947e-11,7.30244939989914e-06,0.00945968941231158
ENSG00000169184.7:O019,-1.54162769765213,0.136134491329581,11.7948718842823,-11.3242991000705,1.08669132927039e-07,0.00033593600393672,0.0325554367174905
ENSG00000169230.10:O003,-1.38029594095512,0.138830288940258,11.7948718842823,-9.94232563723249,4.405334262301e-07,0.00061977840944626,0.0431674456384749
ENSG00000169410.11:O051,-3.00874313334547,0.285387388032916,11.7948718842823,-10.5426632693329,2.354333450258e-07,0.000470941167732434,0.0396810899858147
ENSG00000169604.21:O002,-2.83848252585364,0.146694511462178,11.7948718842823,-19.3496164073288,2.674934516509e-10,2.51236806977681e-05,0.0133596841358417
ENSG00000169814.18:O008,0.827842100496904,0.0538303068869602,11.7948718842823,15.3787364102403,3.64691203794749e-09,0.000631228797707674,0.0436295471615814
ENSG00000169814.18:O022,-1.31707430047531,0.0636701468458206,11.7948718842823,-20.6859001545049,1.24259040282643e-10,1.81028281005542e-05,0.0126300921073304
ENSG00000169967.17:O091,-1.81188808174006,0.180354793790795,11.7948718842823,-10.0462429839363,3.94402695316151e-07,0.000590411763745172,0.0428861214573135
ENSG00000170456.16:O053,-2.90631807670807,0.239285679987304,11.7948718842823,-12.1458086286746,5.05453112570765e-08,0.000240695302156335,0.0277964252167639
ENSG00000170638.10:O002,-1.79015072782143,0.18477211443617,11.7948718842823,-9.68842475653895,5.79519988139438e-07,0.000699110947478633,0.0460076689701012
ENSG00000170759.11:O023,-2.0856822118647,0.127858576837354,11.7948718842823,-16.3124153533935,1.87323159088939e-09,5.78997066006727e-05,0.0159297895147934
ENSG00000171105.14:O039,-2.58701673792797,0.196510211950674,11.7948718842823,-13.1647954182521,2.07654264244442e-08,0.000163580167385956,0.0230229832000494
ENSG00000171208.10:O054,-3.11686463871018,0.199075741073577,11.7948718842823,-15.6566773123713,2.97954272791603e-09,7.07017414196139e-05,0.0171249549324934
ENSG00000171307.19:O004,-2.76057380800553,0.206399993907858,11.7948718842823,-13.3748734955773,1.74168530051354e-08,0.000151578224916208,0.0230229832000494
ENSG00000171793.17:O008,-1.28366941395238,0.0979301982055399,11.7948718842823,-13.1080038381844,2.17856962387176e-08,0.000167017018285042,0.0231858170457889
ENSG00000171862.16:O007,-2.96932735518956,0.157357351985908,11.7948718842823,-18.8699626532574,3.56582018725315e-10,2.84131696151616e-05,0.0136998557848015
ENSG00000172164.15:O036,-1.53893962923984,0.10795632019219,11.7948718842823,-14.2552064251554,8.55276227620133e-09,0.000111429985762316,0.0207770494285984
ENSG00000172172.8:O004,-1.46057650815738,0.14937458706288,11.7948718842823,-9.77794507671205,5.25773209559407e-07,0.000669840179505992,0.0449657120670133
ENSG00000172262.12:O006,-2.71291403392881,0.258004312448681,11.7948718842823,-10.5149949168715,2.42173869494129e-07,0.000476796117153936,0.0398815443787638
ENSG00000172493.23:O002,-2.53386433101238,0.103638431751496,11.7948718842823,-24.4490802127156,1.80443330704279e-11,7.95540533513022e-06,0.00945968941231158
ENSG00000172534.14:O008,-1.30714308357102,0.0919906866687424,11.7948718842823,-14.2095154510372,8.86567030143308e-09,0.000113173888195019,0.0208846659658849
ENSG00000172572.7:O002,-1.72177754042754,0.079526214638958,11.7948718842823,-21.6504400246417,7.35257613252283e-11,1.44705333692258e-05,0.0120311731747647
ENSG00000172728.16:O014,-3.04511225114977,0.256208449475713,11.7948718842823,-11.8852920634783,6.41151539108599e-08,0.000266934207808961,0.0289890534702371
ENSG00000172922.11:O001,-1.35773080885068,0.090847264605471,11.7948718842823,-14.9452029705792,5.03231990976857e-09,8.86231785734963e-05,0.0180247445523638
ENSG00000172922.11:O026,1.42648260483755,0.0964984092787496,11.7948718842823,14.7824468351281,5.69141982099648e-09,0.000747126452680739,0.0476775882459366
ENSG00000172954.14:O005,-1.75275270593628,0.174109551000994,11.7948718842823,-10.0669532249054,3.85845854662517e-07,0.000584757644167046,0.0428861214573135
ENSG00000173120.15:O003,-2.13267486711705,0.173775712794929,11.7948718842823,-12.2725715395787,4.50937044440202e-08,0.000229042880790753,0.0268843774829802
ENSG00000173598.14:O002,-3.57765860876166,0.357760630922194,11.7948718842823,-10.0001461858438,4.14190287887263e-07,0.000603230642171802,0.0428861214573135
ENSG00000174197.19:O005,-1.38821628838341,0.142978841415188,11.7948718842823,-9.70924281273374,5.66514258390049e-07,0.000692171233181617,0.0457190593134721
ENSG00000174371.17:O005,-2.32340849011986,0.170185353720953,11.7948718842823,-13.6522235275867,1.38597126057067e-08,0.00013730118635968,0.0224446688204408
ENSG00000174738.14:O002,-2.66097425857231,0.194195320166856,11.7948718842823,-13.7025663455018,1.33026341131182e-08,0.000134884765012539,0.0223328157290747
ENSG00000175029.17:O018,-2.7389401213026,0.20978949064266,11.7948718842823,-13.0556593321822,2.2774111887494e-08,0.000170261191286267,0.0234436563386475
ENSG00000175215.11:O027,-2.16024000981171,0.146057561656336,11.7948718842823,-14.7903332447423,5.65741847042066e-09,9.32156120764522e-05,0.0186690716714804
ENSG00000175224.17:O004,-1.43387017572585,0.138998839198103,11.7948718842823,-10.315698922365,2.97318566027166e-07,0.000521616331439275,0.0418123189291075
ENSG00000175309.15:O001,2.44953511877235,0.135267529904438,11.7948718842823,18.1088182840544,5.70863485596499e-10,0.000312754054927699,0.0312557511451445
ENSG00000175309.15:O007,-2.61159120910606,0.138082732021291,11.7948718842823,-18.9132353544639,3.47355616786734e-10,2.80960347444924e-05,0.0136998557848015
ENSG00000175567.12:O005,-1.50560083009922,0.150772682283236,11.7948718842823,-9.98589935059226,4.2051993306572e-07,0.000607258927583596,0.0428861214573135
ENSG00000176102.13:O007,-1.796757694862,0.176720993685357,11.7948718842823,-10.1672000445009,3.4715733261126e-07,0.000558278612395004,0.0427134745129022
ENSG00000176340.4:O002,-4.34905373311096,0.433659378557394,11.7948718842823,-10.028732106702,4.01796991922476e-07,0.000595242960425962,0.0428861214573135
ENSG00000176853.16:O002,-2.94898804310885,0.19729871997767,11.7948718842823,-14.9468179187509,5.02620860950791e-09,8.85767320747331e-05,0.0180247445523638
ENSG00000177192.14:O002,-2.28783516773343,0.185626049813419,11.7948718842823,-12.3249682360479,4.30286623522257e-08,0.000224423249444341,0.0265687182522247
ENSG00000177479.20:O012,-2.42456545165528,0.166077845203334,11.7948718842823,-14.5989698306045,6.54818139184628e-09,9.92889346594382e-05,0.0190197611449729
ENSG00000177565.19:O057,-1.58219353701416,0.115662978755113,11.7948718842823,-13.6793428117052,1.35565543146606e-08,0.00013599312371336,0.0223328157290747
ENSG00000178921.14:O001,-1.51069184198425,0.151528232448662,11.7948718842823,-9.96970543094057,4.27841237020364e-07,0.000611876467144201,0.0428861214573135
ENSG00000179029.15:O009,-3.86125083410783,0.323255030181343,11.7948718842823,-11.9449056428966,6.06955427311122e-08,0.000260641492701407,0.0288768967230887
ENSG00000179195.16:O009,-1.88153949269923,0.191492105356922,11.7948718842823,-9.82567656871405,4.99328558292229e-07,0.000654826326284717,0.044652919011415
ENSG00000179262.10:O002,-1.05024649593129,0.107400117969923,11.7948718842823,-9.77882069203509,5.25274753359221e-07,0.000669561114315828,0.0449657120670133
ENSG00000179295.19:O002,-2.64734853876702,0.197608297075507,11.7948718842823,-13.3969503201349,1.7100376727403e-08,0.000150378920036353,0.0230229832000494
ENSG00000180357.10:O003,-2.20083564502661,0.178337062771471,11.7948718842823,-12.3408763765885,4.24220628686074e-08,0.000223042684191226,0.0265280003124449
ENSG00000180628.15:O004,-2.85551026239315,0.145470325124237,11.7948718842823,-19.6295035427633,2.26884441933509e-10,2.34149825957911e-05,0.0133596841358417
ENSG00000181458.10:O005,-2.08776395703065,0.180082654121068,11.7948718842823,-11.5933650979348,8.4144351050641e-08,0.000300486685599039,0.0305608617739932
ENSG00000181852.18:O032,-2.08061942388819,0.162564142492606,11.7948718842823,-12.7987598740161,2.83799907802242e-08,0.000187314884907171,0.0242089273634539
ENSG00000182197.13:O051,-2.95937228652997,0.296098166303005,11.7948718842823,-9.99456471980163,4.16657750161048e-07,0.000604805020172308,0.0428861214573135
ENSG00000182463.17:O003,-3.00165869382919,0.265089399171036,11.7948718842823,-11.3231939987631,1.08784499873339e-07,0.000336091534912031,0.0325554367174905
ENSG00000182831.12:O002,-2.05815823205744,0.18048538062863,11.7948718842823,-11.4034622909007,1.00738225357872e-07,0.000325013716177665,0.0318873617065582
ENSG00000183475.13:O004,-2.78315410432542,0.279597128836139,11.7948718842823,-9.95415838463961,4.34999226032876e-07,0.00061634869491184,0.0430122481049588
ENSG00000183943.6:O034,-3.16221339837857,0.238621255335347,11.7948718842823,-13.25201895336,1.92975430808568e-08,0.000158464309724013,0.0230229832000494
ENSG00000184009.13:O005,-2.63140035686567,0.276302176509052,11.7948718842823,-9.52363238723694,6.94540463085182e-07,0.000757045981994445,0.0481940197664951
ENSG00000185122.11:O002,-2.31590911985297,0.19826609110578,11.7948718842823,-11.6808129263888,7.75165643826909e-08,0.000289935282050601,0.0300263469336677
ENSG00000185619.19:O007,-2.64678010532571,0.26215438132389,11.7948718842823,-10.0962650021692,3.74074756973028e-07,0.000576864365230937,0.0428861214573135
ENSG00000186575.20:O003,-2.47689330197881,0.101369701023105,11.7948718842823,-24.4342567550264,1.81715390985865e-11,7.97920508197752e-06,0.00945968941231158
ENSG00000187079.20:O002,-2.15459037080686,0.178706707559617,11.7948718842823,-12.0565724713388,5.48076627735974e-08,0.000249322278228386,0.028290306773323
ENSG00000188064.10:O012,-1.38960186469996,0.118481426458053,11.7948718842823,-11.7284363148002,7.41457096509383e-08,0.000284374407612257,0.0298551430865654
ENSG00000189079.18:O002,-2.81711302350766,0.260140703786098,11.7948718842823,-10.8291896750769,1.76380641230651e-07,0.000415057870730366,0.0365087758529413
ENSG00000189091.13:O004,-2.05167995457753,0.120395002284101,11.7948718842823,-17.0412385535415,1.14064160637517e-09,4.67817140372151e-05,0.0157382794429819
ENSG00000196642.19:O003,-2.58149393565638,0.216769289648413,11.7948718842823,-11.9089467878195,6.27340096433341e-08,0.000264415866573933,0.0289890534702371
ENSG00000196850.6:O036,-2.73964093613562,0.14741259094429,11.7948718842823,-18.5848503074678,4.24416614946191e-10,3.06133644797938e-05,0.0136998557848015
ENSG00000196914.9:O006,-2.69221359972313,0.12734865962253,11.7948718842823,-21.1404941968219,9.6758544456275e-11,1.62691543782399e-05,0.0123922495051274
ENSG00000196935.10:O003,-3.32895559949677,0.270219397831468,11.7948718842823,-12.319454584726,4.32410837177763e-08,0.000224904115139421,0.0265687182522247
ENSG00000197381.18:O006,-2.44710605315685,0.238324625084801,11.7948718842823,-10.2679530169663,3.12446354851395e-07,0.000533084256025712,0.0420361593958601
ENSG00000197461.13:O010,-1.43036114237893,0.144434583051965,11.7948718842823,-9.90317631798972,4.59390063292632e-07,0.000631287861164781,0.0436295471615814
ENSG00000198015.14:O003,-2.84455160135218,0.214649999930558,11.7948718842823,-13.2520456663053,1.92971110726195e-08,0.000158462772404731,0.0230229832000494
ENSG00000198087.7:O002,-2.47441133292357,0.248069208645822,11.7948718842823,-9.9746814464845,4.25577085038368e-07,0.000610453196563318,0.0428861214573135
ENSG00000198162.12:O004,-2.35241065327998,0.160950767658097,11.7948718842823,-14.6157156471421,6.46448292252243e-09,9.87389771126003e-05,0.0190197611449729
ENSG00000198431.18:O005,-1.59574425304749,0.0841877063774062,11.7948718842823,-18.9545994505885,3.38777264850377e-10,2.77968438427256e-05,0.0136998557848015
ENSG00000198646.14:O010,-2.81807285019889,0.250577985374674,11.7948718842823,-11.2462906347706,1.17146321428791e-07,0.000347127980223734,0.0325554367174905
ENSG00000198677.13:O022,-2.21571729362719,0.189353788662445,11.7948718842823,-11.7014679731446,7.60347058021562e-08,0.000287507711844478,0.0300080935394528
ENSG00000198752.11:O009,-2.60384152552192,0.229700734281467,11.7948718842823,-11.3357997468622,1.07476319398304e-07,0.000334322475932928,0.0325554367174905
ENSG00000198815.9:O033,-2.64431687628709,0.201445712576396,11.7948718842823,-13.126697225111,2.14440160654473e-08,0.000165876335908773,0.0231858170457889
ENSG00000198911.13:O003,-2.29977990730741,0.153287530706022,11.7948718842823,-15.0030462146198,4.8183510296254e-09,8.69775639362052e-05,0.0180247445523638
ENSG00000198952.8:O006,-2.96438490810162,0.274210861247352,11.7948718842823,-10.8106035428976,1.79681122436487e-07,0.000418435324443494,0.0366258792544672
ENSG00000205213.14:O019,-2.77858128966798,0.139004087257741,11.7948718842823,-19.989205673614,1.84207064707359e-10,2.14189866332597e-05,0.0129966054486559
ENSG00000205339.10:O002,-2.15059067280332,0.155844572626064,11.7948718842823,-13.799586578889,1.22960486230475e-08,0.000130369359953744,0.0220203687109863
ENSG00000205726.15:O005,-2.33459094832252,0.197835886919848,11.7948718842823,-11.800644385962,6.9332567112198e-08,0.000276182704602624,0.0295144502232058
ENSG00000224470.9:O005,-1.76542740001586,0.182407367278573,11.7948718842823,-9.67848736789066,5.85841071034225e-07,0.000702452568843337,0.046142755898333
ENSG00000237412.7:O004,-2.22418041843283,0.141073454419799,11.7948718842823,-15.7661157981872,2.75409359745631e-09,6.8346137305849e-05,0.0169916091357597
ENSG00000275052.5:O026,-3.07206173953352,0.224367746664098,11.7948718842823,-13.6920826866115,1.34166180286721e-08,0.000135383765618781,0.0223328157290747
